itemset_str,quarters_present,quarters_list,mean_support,itemset_length,stability_label
WHITE HANGING HEART T-LIGHT HOLDER,4,"[1, 2, 3, 4]",0.13694123825752366,1,Stable (all 4 quarters)
REGENCY CAKESTAND 3 TIER,4,"[1, 2, 3, 4]",0.09170913959012296,1,Stable (all 4 quarters)
ASSORTED COLOUR BIRD ORNAMENT,4,"[1, 2, 3, 4]",0.07219382732712346,1,Stable (all 4 quarters)
JUMBO BAG RED RETROSPOT,4,"[1, 2, 3, 4]",0.07000145832118052,1,Stable (all 4 quarters)
PARTY BUNTING,4,"[1, 2, 3, 4]",0.06082898289389344,1,Stable (all 4 quarters)
LUNCH BAG  BLACK SKULL.,4,"[1, 2, 3, 4]",0.05583723565930281,1,Stable (all 4 quarters)
LUNCH BAG SPACEBOY DESIGN,4,"[1, 2, 3, 4]",0.052939028594991694,1,Stable (all 4 quarters)
HOME BUILDING BLOCK WORD,4,"[1, 2, 3, 4]",0.05217862512789524,1,Stable (all 4 quarters)
STRAWBERRY CERAMIC TRINKET BOX,4,"[1, 2, 3, 4]",0.051554795093453495,1,Stable (all 4 quarters)
LUNCH BAG CARS BLUE,4,"[1, 2, 3, 4]",0.050986523442309056,1,Stable (all 4 quarters)
60 TEATIME FAIRY CAKE CASES,4,"[1, 2, 3, 4]",0.05016502743824726,1,Stable (all 4 quarters)
REX CASH+CARRY JUMBO SHOPPER,4,"[1, 2, 3, 4]",0.04883411893646055,1,Stable (all 4 quarters)
WOODEN FRAME ANTIQUE WHITE,4,"[1, 2, 3, 4]",0.04882223935724924,1,Stable (all 4 quarters)
BAKING SET 9 PIECE RETROSPOT,4,"[1, 2, 3, 4]",0.04826502644726897,1,Stable (all 4 quarters)
HEART OF WICKER SMALL,4,"[1, 2, 3, 4]",0.048080622215573646,1,Stable (all 4 quarters)
JUMBO STORAGE BAG SUKI,4,"[1, 2, 3, 4]",0.047853320341002814,1,Stable (all 4 quarters)
JUMBO SHOPPER VINTAGE RED PAISLEY,4,"[1, 2, 3, 4]",0.04721769610011764,1,Stable (all 4 quarters)
HEART OF WICKER LARGE,4,"[1, 2, 3, 4]",0.04583684098450616,1,Stable (all 4 quarters)
NATURAL SLATE HEART CHALKBOARD,4,"[1, 2, 3, 4]",0.04550582800082311,1,Stable (all 4 quarters)
WOODEN PICTURE FRAME WHITE FINISH,4,"[1, 2, 3, 4]",0.04482902728422297,1,Stable (all 4 quarters)
LUNCH BAG WOODLAND,4,"[1, 2, 3, 4]",0.044818487636536966,1,Stable (all 4 quarters)
PACK OF 60 PINK PAISLEY CAKE CASES,4,"[1, 2, 3, 4]",0.04458951481462527,1,Stable (all 4 quarters)
JUMBO BAG STRAWBERRY,4,"[1, 2, 3, 4]",0.04366367306703697,1,Stable (all 4 quarters)
RED HANGING HEART T-LIGHT HOLDER,4,"[1, 2, 3, 4]",0.04360260498205027,1,Stable (all 4 quarters)
LOVE BUILDING BLOCK WORD,4,"[1, 2, 3, 4]",0.04279402271059523,1,Stable (all 4 quarters)
LUNCH BAG RED RETROSPOT,4,"[1, 2, 3, 4]",0.04108665237816062,1,Stable (all 4 quarters)
JUMBO  BAG BAROQUE BLACK WHITE,4,"[1, 2, 3, 4]",0.040636726326282985,1,Stable (all 4 quarters)
VICTORIAN GLASS HANGING T-LIGHT,4,"[1, 2, 3, 4]",0.04041616809569869,1,Stable (all 4 quarters)
VINTAGE SNAP CARDS,4,"[1, 2, 3, 4]",0.03883578542100071,1,Stable (all 4 quarters)
GIN + TONIC DIET METAL SIGN,4,"[1, 2, 3, 4]",0.03873039906563405,1,Stable (all 4 quarters)
PLEASE ONE PERSON METAL SIGN,4,"[1, 2, 3, 4]",0.038480673837934264,1,Stable (all 4 quarters)
6 RIBBONS RUSTIC CHARM,4,"[1, 2, 3, 4]",0.03661189450286354,1,Stable (all 4 quarters)
HAND OVER THE CHOCOLATE   SIGN,4,"[1, 2, 3, 4]",0.03630018543197359,1,Stable (all 4 quarters)
PACK OF 72 RETROSPOT CAKE CASES,4,"[1, 2, 3, 4]",0.035535762398373735,1,Stable (all 4 quarters)
JUMBO BAG PINK VINTAGE PAISLEY,4,"[1, 2, 3, 4]",0.03464048822200245,1,Stable (all 4 quarters)
COOK WITH WINE METAL SIGN,4,"[1, 2, 3, 4]",0.034165094812219826,1,Stable (all 4 quarters)
ZINC METAL HEART DECORATION,4,"[1, 2, 3, 4]",0.03397306350874528,1,Stable (all 4 quarters)
RECIPE BOX PANTRY YELLOW DESIGN,4,"[1, 2, 3, 4]",0.03387008773160752,1,Stable (all 4 quarters)
72 SWEETHEART FAIRY CAKE CASES,4,"[1, 2, 3, 4]",0.033586621143795486,1,Stable (all 4 quarters)
FELTCRAFT 6 FLOWER FRIENDS,4,"[1, 2, 3, 4]",0.0331768487400962,1,Stable (all 4 quarters)
VINTAGE UNION JACK BUNTING,4,"[1, 2, 3, 4]",0.03295068828173286,1,Stable (all 4 quarters)
HANGING HEART ZINC T-LIGHT HOLDER,4,"[1, 2, 3, 4]",0.03293550649541944,1,Stable (all 4 quarters)
PINK CREAM FELT CRAFT TRINKET BOX,4,"[1, 2, 3, 4]",0.03271841105842155,1,Stable (all 4 quarters)
CREAM HEART CARD HOLDER,4,"[1, 2, 3, 4]",0.03245049100757959,1,Stable (all 4 quarters)
ROUND SNACK BOXES SET OF4 WOODLAND,4,"[1, 2, 3, 4]",0.032314943589013094,1,Stable (all 4 quarters)
PACK OF 60 DINOSAUR CAKE CASES,4,"[1, 2, 3, 4]",0.032260704505050995,1,Stable (all 4 quarters)
PACK OF 72 SKULL CAKE CASES,4,"[1, 2, 3, 4]",0.032152792727295744,1,Stable (all 4 quarters)
SWEETHEART CERAMIC TRINKET BOX,4,"[1, 2, 3, 4]",0.03196903099358766,1,Stable (all 4 quarters)
HANGING HEART JAR T-LIGHT HOLDER,4,"[1, 2, 3, 4]",0.03170296402536735,1,Stable (all 4 quarters)
RED HANGING HEART T-LIGHT HOLDER | WHITE HANGING HEART T-LIGHT HOLDER,4,"[1, 2, 3, 4]",0.031088896787057677,2,Stable (all 4 quarters)
LUNCH BAG SUKI  DESIGN,4,"[1, 2, 3, 4]",0.03083478616828369,1,Stable (all 4 quarters)
BATHROOM METAL SIGN,4,"[1, 2, 3, 4]",0.030831802859430386,1,Stable (all 4 quarters)
PLASTERS IN TIN SPACEBOY,4,"[1, 2, 3, 4]",0.030663913433664838,1,Stable (all 4 quarters)
LUNCH BAG PINK POLKADOT,4,"[1, 2, 3, 4]",0.030074158170513995,1,Stable (all 4 quarters)
WOODLAND CHARLOTTE BAG,4,"[1, 2, 3, 4]",0.030005793953529702,1,Stable (all 4 quarters)
SPACEBOY LUNCH BOX,4,"[1, 2, 3, 4]",0.02961123971632653,1,Stable (all 4 quarters)
CLOTHES PEGS RETROSPOT PACK 24,4,"[1, 2, 3, 4]",0.029300968737917564,1,Stable (all 4 quarters)
RECYCLING BAG RETROSPOT,4,"[1, 2, 3, 4]",0.029230465640756764,1,Stable (all 4 quarters)
PLASTERS IN TIN CIRCUS PARADE,4,"[1, 2, 3, 4]",0.02922360034916654,1,Stable (all 4 quarters)
PLASTERS IN TIN WOODLAND ANIMALS,4,"[1, 2, 3, 4]",0.029180071744372014,1,Stable (all 4 quarters)
WOOD S/3 CABINET ANT WHITE FINISH,4,"[1, 2, 3, 4]",0.02908303579220253,1,Stable (all 4 quarters)
ALARM CLOCK BAKELIKE RED,4,"[1, 2, 3, 4]",0.0290345652471201,1,Stable (all 4 quarters)
SMALL POPCORN HOLDER,4,"[1, 2, 3, 4]",0.028944216161544745,1,Stable (all 4 quarters)
WOOD BLACK BOARD ANT WHITE FINISH,4,"[1, 2, 3, 4]",0.028707134426467426,1,Stable (all 4 quarters)
ROSES REGENCY TEACUP AND SAUCER,4,"[1, 2, 3, 4]",0.028685292714665488,1,Stable (all 4 quarters)
IVORY KITCHEN SCALES,4,"[1, 2, 3, 4]",0.028605654500838434,1,Stable (all 4 quarters)
RETROSPOT TEA SET CERAMIC 11 PC,4,"[1, 2, 3, 4]",0.028558706203053154,1,Stable (all 4 quarters)
FELTCRAFT BUTTERFLY HEARTS,4,"[1, 2, 3, 4]",0.02845727551604441,1,Stable (all 4 quarters)
JUMBO BAG PINK POLKADOT,4,"[1, 2, 3, 4]",0.028344415478373353,1,Stable (all 4 quarters)
ROUND SNACK BOXES SET OF 4 FRUITS,4,"[1, 2, 3, 4]",0.028314398379946003,1,Stable (all 4 quarters)
WOOD 2 DRAWER CABINET WHITE FINISH,4,"[1, 2, 3, 4]",0.028303598416193173,1,Stable (all 4 quarters)
STRAWBERRY CHARLOTTE BAG,4,"[1, 2, 3, 4]",0.028144222172818898,1,Stable (all 4 quarters)
RED TOADSTOOL LED NIGHT LIGHT,4,"[1, 2, 3, 4]",0.027952948713837838,1,Stable (all 4 quarters)
NO SINGING METAL SIGN,4,"[1, 2, 3, 4]",0.027938143675714507,1,Stable (all 4 quarters)
JUMBO BAG SPACEBOY DESIGN,4,"[1, 2, 3, 4]",0.02752739051397715,1,Stable (all 4 quarters)
JUMBO STORAGE BAG SKULLS,4,"[1, 2, 3, 4]",0.02751219767601012,1,Stable (all 4 quarters)
VINTAGE HEADS AND TAILS CARD GAME,4,"[1, 2, 3, 4]",0.027340309823236618,1,Stable (all 4 quarters)
SET OF 3 HEART COOKIE CUTTERS,4,"[1, 2, 3, 4]",0.027281505303457854,1,Stable (all 4 quarters)
RED RETROSPOT CAKE STAND,4,"[1, 2, 3, 4]",0.026982973031232062,1,Stable (all 4 quarters)
PINK BLUE FELT CRAFT TRINKET BOX,4,"[1, 2, 3, 4]",0.02685390157930024,1,Stable (all 4 quarters)
WOODEN FRAME ANTIQUE WHITE | WOODEN PICTURE FRAME WHITE FINISH,4,"[1, 2, 3, 4]",0.026704937245422986,2,Stable (all 4 quarters)
DOLLY GIRL LUNCH BOX,4,"[1, 2, 3, 4]",0.026653284818453696,1,Stable (all 4 quarters)
PLASTERS IN TIN VINTAGE PAISLEY,4,"[1, 2, 3, 4]",0.025968180392962413,1,Stable (all 4 quarters)
CHARLOTTE BAG SUKI DESIGN,4,"[1, 2, 3, 4]",0.025961646291691304,1,Stable (all 4 quarters)
SET/5 RED RETROSPOT LID GLASS BOWLS,4,"[1, 2, 3, 4]",0.025921545934363494,1,Stable (all 4 quarters)
JUMBO BAG WOODLAND ANIMALS,4,"[1, 2, 3, 4]",0.025809695918420986,1,Stable (all 4 quarters)
PACK OF 60 SPACEBOY CAKE CASES,4,"[1, 2, 3, 4]",0.02574782986758168,1,Stable (all 4 quarters)
JAM MAKING SET WITH JARS,4,"[1, 2, 3, 4]",0.025704232075576736,1,Stable (all 4 quarters)
JUMBO BAG OWLS,4,"[1, 2, 3, 4]",0.025597000541014003,1,Stable (all 4 quarters)
GREEN REGENCY TEACUP AND SAUCER,4,"[1, 2, 3, 4]",0.02545255823289161,1,Stable (all 4 quarters)
GUMBALL COAT RACK,4,"[1, 2, 3, 4]",0.02541156591479005,1,Stable (all 4 quarters)
JAM MAKING SET PRINTED,4,"[1, 2, 3, 4]",0.025249930065714472,1,Stable (all 4 quarters)
WORLD WAR 2 GLIDERS ASSTD DESIGNS,4,"[1, 2, 3, 4]",0.025110541971697545,1,Stable (all 4 quarters)
PACK OF 6 BIRDY GIFT TAGS,4,"[1, 2, 3, 4]",0.025081500405520814,1,Stable (all 4 quarters)
LADIES & GENTLEMEN METAL SIGN,4,"[1, 2, 3, 4]",0.02478010868718961,1,Stable (all 4 quarters)
SET OF 4 PANTRY JELLY MOULDS,4,"[1, 2, 3, 4]",0.02472729282568131,1,Stable (all 4 quarters)
EDWARDIAN PARASOL NATURAL,4,"[1, 2, 3, 4]",0.024454685476637057,1,Stable (all 4 quarters)
SET/20 RED RETROSPOT PAPER NAPKINS,4,"[1, 2, 3, 4]",0.024256129758250276,1,Stable (all 4 quarters)
RED  HARMONICA IN BOX,4,"[1, 2, 3, 4]",0.024158780863371178,1,Stable (all 4 quarters)
POTTERING IN THE SHED METAL SIGN,4,"[1, 2, 3, 4]",0.024128112057144543,1,Stable (all 4 quarters)
CHILLI LIGHTS,4,"[1, 2, 3, 4]",0.0239101558210521,1,Stable (all 4 quarters)
HEART OF WICKER LARGE | HEART OF WICKER SMALL,4,"[1, 2, 3, 4]",0.023870322995673307,2,Stable (all 4 quarters)
DOORMAT UNION FLAG,4,"[1, 2, 3, 4]",0.02375436045057675,1,Stable (all 4 quarters)
RED RETROSPOT CHARLOTTE BAG,4,"[1, 2, 3, 4]",0.02373896281493843,1,Stable (all 4 quarters)
LUNCH BAG DOLLY GIRL DESIGN,4,"[1, 2, 3, 4]",0.02366775359047129,1,Stable (all 4 quarters)
BAKING SET SPACEBOY DESIGN,4,"[1, 2, 3, 4]",0.023571433948306936,1,Stable (all 4 quarters)
SINGLE HEART ZINC T-LIGHT HOLDER,4,"[1, 2, 3, 4]",0.023532156562896644,1,Stable (all 4 quarters)
CREAM SWEETHEART MINI CHEST,4,"[1, 2, 3, 4]",0.022922658034157918,1,Stable (all 4 quarters)
SET OF 3 BUTTERFLY COOKIE CUTTERS,4,"[1, 2, 3, 4]",0.022802744805795125,1,Stable (all 4 quarters)
HOME BUILDING BLOCK WORD | LOVE BUILDING BLOCK WORD,4,"[1, 2, 3, 4]",0.022659383479772102,2,Stable (all 4 quarters)
GRAND CHOCOLATECANDLE,4,"[1, 2, 3, 4]",0.022482616882027864,1,Stable (all 4 quarters)
CHOCOLATE THIS WAY METAL SIGN,4,"[1, 2, 3, 4]",0.022285159934799462,1,Stable (all 4 quarters)
BEWARE OF THE CAT METAL SIGN,4,"[1, 2, 3, 4]",0.022045312274652736,1,Stable (all 4 quarters)
3 STRIPEY MICE FELTCRAFT,4,"[1, 2, 3, 4]",0.021979543485849108,1,Stable (all 4 quarters)
METAL SIGN TAKE IT OR LEAVE IT,4,"[1, 2, 3, 4]",0.021865929318076505,1,Stable (all 4 quarters)
LUNCH BAG  BLACK SKULL. | LUNCH BAG SPACEBOY DESIGN,4,"[1, 2, 3, 4]",0.021764431401180097,2,Stable (all 4 quarters)
RIBBON REEL STRIPES DESIGN,4,"[1, 2, 3, 4]",0.021305733631986623,1,Stable (all 4 quarters)
RED KITCHEN SCALES,4,"[1, 2, 3, 4]",0.02114385937614736,1,Stable (all 4 quarters)
60 TEATIME FAIRY CAKE CASES | PACK OF 60 PINK PAISLEY CAKE CASES,4,"[1, 2, 3, 4]",0.020781557822993416,2,Stable (all 4 quarters)
LOVEBIRD HANGING DECORATION WHITE,4,"[1, 2, 3, 4]",0.020580481895857726,1,Stable (all 4 quarters)
CREAM CUPID HEARTS COAT HANGER,4,"[1, 2, 3, 4]",0.020579917272639216,1,Stable (all 4 quarters)
PINK REGENCY TEACUP AND SAUCER,4,"[1, 2, 3, 4]",0.02057885900627688,1,Stable (all 4 quarters)
MEMO BOARD RETROSPOT  DESIGN,4,"[1, 2, 3, 4]",0.020522817911678475,1,Stable (all 4 quarters)
GREEN REGENCY TEACUP AND SAUCER | ROSES REGENCY TEACUP AND SAUCER,4,"[1, 2, 3, 4]",0.02031446137783836,2,Stable (all 4 quarters)
PACK OF 60 MUSHROOM CAKE CASES,4,"[1, 2, 3, 4]",0.02011740411575142,1,Stable (all 4 quarters)
ASSORTED COLOUR MINI CASES,4,"[1, 2, 3, 4]",0.020092359078816367,1,Stable (all 4 quarters)
SMALL GLASS HEART TRINKET POT,4,"[1, 2, 3, 4]",0.02007478507570693,1,Stable (all 4 quarters)
FELTCRAFT CUSHION OWL,4,"[1, 2, 3, 4]",0.020032019566409237,1,Stable (all 4 quarters)
DOORMAT RED RETROSPOT,4,"[1, 2, 3, 4]",0.020013842353675752,1,Stable (all 4 quarters)
DOORMAT NEW ENGLAND,4,"[1, 2, 3, 4]",0.019985926474121344,1,Stable (all 4 quarters)
BOX OF 24 COCKTAIL PARASOLS,4,"[1, 2, 3, 4]",0.01990135097962992,1,Stable (all 4 quarters)
PAINTED METAL PEARS ASSORTED,4,"[1, 2, 3, 4]",0.019140018950159352,1,Stable (all 4 quarters)
HEART FILIGREE DOVE  SMALL,4,"[1, 2, 3, 4]",0.019105763950701068,1,Stable (all 4 quarters)
PACK OF 20 NAPKINS PANTRY DESIGN,4,"[1, 2, 3, 4]",0.018875933201317925,1,Stable (all 4 quarters)
WHITE HANGING HEART T-LIGHT HOLDER | WOODEN FRAME ANTIQUE WHITE,4,"[1, 2, 3, 4]",0.01881435460851331,2,Stable (all 4 quarters)
FELTCRAFT DOLL MOLLY,4,"[1, 2, 3, 4]",0.018637216114143436,1,Stable (all 4 quarters)
FELTCRAFT DOLL ROSIE,4,"[1, 2, 3, 4]",0.01857056951569285,1,Stable (all 4 quarters)
FELTCRAFT CUSHION RABBIT,4,"[1, 2, 3, 4]",0.01853396187870685,1,Stable (all 4 quarters)
ASSORTED COLOUR BIRD ORNAMENT | WHITE HANGING HEART T-LIGHT HOLDER,4,"[1, 2, 3, 4]",0.018222066792067386,2,Stable (all 4 quarters)
MEMO BOARD COTTAGE DESIGN,4,"[1, 2, 3, 4]",0.017875865393936752,1,Stable (all 4 quarters)
SCOTTIE DOG HOT WATER BOTTLE,3,"[1, 3, 4]",0.043661886084401885,1,Mostly stable (3/4)
PACK OF 72 RETRO SPOT CAKE CASES,3,"[1, 2, 3]",0.043137219597378575,1,Mostly stable (3/4)
CHOCOLATE HOT WATER BOTTLE,3,"[1, 3, 4]",0.04226534161408737,1,Mostly stable (3/4)
LUNCH BAG RED SPOTTY,3,"[1, 2, 3]",0.040811388396324304,1,Mostly stable (3/4)
SET OF 3 CAKE TINS PANTRY DESIGN,3,"[1, 3, 4]",0.03998504042189142,1,Mostly stable (3/4)
COLOUR GLASS T-LIGHT HOLDER HANGING,3,"[1, 2, 3]",0.03924940987892554,1,Mostly stable (3/4)
HOT WATER BOTTLE TEA AND SYMPATHY,3,"[1, 3, 4]",0.03848174475864611,1,Mostly stable (3/4)
SPOTTY BUNTING,3,"[2, 3, 4]",0.03662335971375256,1,Mostly stable (3/4)
ALARM CLOCK BAKELIKE GREEN,3,"[1, 3, 4]",0.0319481120425312,1,Mostly stable (3/4)
HANGING JAM JAR T-LIGHT HOLDER,3,"[1, 2, 3]",0.031017645530626248,1,Mostly stable (3/4)
LUNCH BAG PINK RETROSPOT,3,"[1, 2, 3]",0.03012810562771692,1,Mostly stable (3/4)
SET/20 RED SPOTTY PAPER NAPKINS,3,"[1, 2, 3]",0.03000274774818863,1,Mostly stable (3/4)
RED WOOLLY HOTTIE WHITE HEART.,3,"[1, 3, 4]",0.02994221025253387,1,Mostly stable (3/4)
LUNCH BAG SUKI DESIGN,3,"[2, 3, 4]",0.02957175766978252,1,Mostly stable (3/4)
JUMBO BAG PINK WITH WHITE SPOTS,3,"[1, 2, 3]",0.02951532651054287,1,Mostly stable (3/4)
SET/5 RED SPOTTY LID GLASS BOWLS,3,"[1, 2, 3]",0.029444227879548118,1,Mostly stable (3/4)
PINK HAPPY BIRTHDAY BUNTING,3,"[1, 2, 3]",0.02857362084109731,1,Mostly stable (3/4)
PLASTERS IN TIN SKULLS,3,"[2, 3, 4]",0.0273766247612921,1,Mostly stable (3/4)
DOORMAT HEARTS,3,"[1, 3, 4]",0.027014237062986307,1,Mostly stable (3/4)
JUMBO BAG VINTAGE LEAF,3,"[2, 3, 4]",0.026990082858482072,1,Mostly stable (3/4)
WHITE WOOD GARDEN PLANT LADDER,3,"[1, 2, 3]",0.026869375419611555,1,Mostly stable (3/4)
JUMBO BAG ALPHABET,3,"[2, 3, 4]",0.026732434240452158,1,Mostly stable (3/4)
SPACEBOY BIRTHDAY CARD,3,"[1, 2, 3]",0.025885769130171227,1,Mostly stable (3/4)
HOT BATHS METAL SIGN,3,"[1, 2, 4]",0.025792706325596004,1,Mostly stable (3/4)
PLASTERS IN TIN STRONGMAN,3,"[2, 3, 4]",0.025725342330436118,1,Mostly stable (3/4)
WOODEN SCHOOL COLOURING SET,3,"[2, 3, 4]",0.025628031272627416,1,Mostly stable (3/4)
STRAWBERRY CERAMIC TRINKET BOX | SWEETHEART CERAMIC TRINKET BOX,3,"[2, 3, 4]",0.025208636108496635,2,Mostly stable (3/4)
GARDENERS KNEELING PAD KEEP CALM,3,"[2, 3, 4]",0.024976457315461997,1,Mostly stable (3/4)
PARTY METAL SIGN,3,"[2, 3, 4]",0.024926243390794186,1,Mostly stable (3/4)
STRAWBERRY LUNCH BOX WITH CUTLERY,3,"[2, 3, 4]",0.02487161715568047,1,Mostly stable (3/4)
WOODEN BOX OF DOMINOES,3,"[1, 3, 4]",0.02452268222904241,1,Mostly stable (3/4)
TOILET METAL SIGN,3,"[1, 2, 3]",0.02416274846221092,1,Mostly stable (3/4)
METAL 4 HOOK HANGER FRENCH CHATEAU,3,"[1, 3, 4]",0.024011255485811383,1,Mostly stable (3/4)
PACK OF 12 HEARTS DESIGN TISSUES,3,"[1, 3, 4]",0.023969139811419692,1,Mostly stable (3/4)
PAPER BUNTING RETRO SPOTS,3,"[1, 2, 3]",0.0237697881656324,1,Mostly stable (3/4)
EDWARDIAN PARASOL BLACK,3,"[1, 3, 4]",0.023706404641010207,1,Mostly stable (3/4)
BLUE HARMONICA IN BOX,3,"[2, 3, 4]",0.023369155876948485,1,Mostly stable (3/4)
LUNCH BOX I LOVE LONDON,3,"[1, 3, 4]",0.023343259255397167,1,Mostly stable (3/4)
POTTING SHED TEA MUG,3,"[1, 2, 4]",0.023300654865455152,1,Mostly stable (3/4)
LUNCH BAG  BLACK SKULL. | LUNCH BAG CARS BLUE,3,"[1, 2, 3]",0.02321456942008168,2,Mostly stable (3/4)
ANTIQUE SILVER TEA GLASS ETCHED,3,"[1, 3, 4]",0.022975706573845272,1,Mostly stable (3/4)
I'M ON HOLIDAY METAL SIGN,3,"[1, 2, 3]",0.022967518018884858,1,Mostly stable (3/4)
JUMBO BAG SCANDINAVIAN PAISLEY,3,"[1, 3, 4]",0.022845699258046807,1,Mostly stable (3/4)
RETRO SPOT TEA SET CERAMIC 11 PC,3,"[1, 2, 3]",0.022632194837219777,1,Mostly stable (3/4)
LUNCH BAG SPACEBOY DESIGN | LUNCH BAG WOODLAND,3,"[1, 2, 3]",0.022610179452434747,2,Mostly stable (3/4)
WASHROOM METAL SIGN,3,"[1, 2, 3]",0.02247296658111295,1,Mostly stable (3/4)
RED SPOTTY CHARLOTTE BAG,3,"[1, 2, 3]",0.022455059860906863,1,Mostly stable (3/4)
SET/6 RED SPOTTY PAPER PLATES,3,"[1, 2, 3]",0.022402093555446426,1,Mostly stable (3/4)
TRADITIONAL KNITTING NANCY,3,"[2, 3, 4]",0.022204048647094413,1,Mostly stable (3/4)
JUMBO BAG RED RETROSPOT | JUMBO STORAGE BAG SUKI,3,"[2, 3, 4]",0.022037275255363722,2,Mostly stable (3/4)
LUNCH BAG CARS BLUE | LUNCH BAG WOODLAND,3,"[1, 2, 3]",0.02203351592703587,2,Mostly stable (3/4)
JUMBO BAG RED RETROSPOT | JUMBO BAG STRAWBERRY,3,"[2, 3, 4]",0.02201819526978514,2,Mostly stable (3/4)
LUNCH BAG CARS BLUE | LUNCH BAG SPACEBOY DESIGN,3,"[1, 2, 3]",0.021915035552570645,2,Mostly stable (3/4)
HEART IVORY TRELLIS LARGE,3,"[2, 3, 4]",0.021795880787091895,1,Mostly stable (3/4)
RED GINGHAM ROSE JEWELLERY BOX,3,"[1, 3, 4]",0.02169081705944269,1,Mostly stable (3/4)
JUMBO BAG TOYS,3,"[1, 2, 3]",0.02168470856684139,1,Mostly stable (3/4)
ALARM CLOCK BAKELIKE GREEN | ALARM CLOCK BAKELIKE RED,3,"[1, 3, 4]",0.021599175253339636,2,Mostly stable (3/4)
CERAMIC STRAWBERRY CAKE MONEY BANK,3,"[2, 3, 4]",0.02148973781701786,1,Mostly stable (3/4)
AREA PATROLLED METAL SIGN,3,"[1, 2, 3]",0.0214667871893003,1,Mostly stable (3/4)
ASSORTED COLOURS SILK FAN,3,"[1, 2, 3]",0.021259982706905683,1,Mostly stable (3/4)
GARDENERS KNEELING PAD CUP OF TEA,3,"[2, 3, 4]",0.021109922301087422,1,Mostly stable (3/4)
HANGING METAL HEART LANTERN,3,"[1, 2, 3]",0.020830516592674844,1,Mostly stable (3/4)
LUNCH BAG  BLACK SKULL. | LUNCH BAG WOODLAND,3,"[1, 2, 3]",0.020727138449506233,2,Mostly stable (3/4)
TEA PARTY BIRTHDAY CARD,3,"[1, 2, 3]",0.020722670780188725,1,Mostly stable (3/4)
PAPER BUNTING RETROSPOT,3,"[1, 2, 3]",0.020652061682181647,1,Mostly stable (3/4)
SET/20 STRAWBERRY PAPER NAPKINS,3,"[1, 2, 3]",0.020579819068779585,1,Mostly stable (3/4)
NATURAL SLATE RECTANGLE CHALKBOARD,3,"[1, 2, 3]",0.020492140654323972,1,Mostly stable (3/4)
JUMBO BAG RED RETROSPOT | JUMBO SHOPPER VINTAGE RED PAISLEY,3,"[2, 3, 4]",0.020442753245291424,2,Mostly stable (3/4)
SET OF 72 PINK HEART PAPER DOILIES,3,"[1, 2, 3]",0.020388541333113897,1,Mostly stable (3/4)
WHITE SPOT RED CERAMIC DRAWER KNOB,3,"[1, 2, 3]",0.020203429996971427,1,Mostly stable (3/4)
SET/6 RED SPOTTY PAPER CUPS,3,"[1, 2, 3]",0.01993554531847275,1,Mostly stable (3/4)
COLOUR GLASS. STAR T-LIGHT HOLDER,3,"[2, 3, 4]",0.019926751641487852,1,Mostly stable (3/4)
HOME SWEET HOME METAL SIGN,3,"[1, 2, 3]",0.019801518603247085,1,Mostly stable (3/4)
"KEY FOB , SHED",3,"[1, 2, 3]",0.019708178784883717,1,Mostly stable (3/4)
SET OF 36 TEATIME PAPER DOILIES,3,"[1, 2, 3]",0.01970387140745604,1,Mostly stable (3/4)
RED STRIPE CERAMIC DRAWER KNOB,3,"[1, 2, 3]",0.019656401786726764,1,Mostly stable (3/4)
BLUE STRIPE CERAMIC DRAWER KNOB,3,"[1, 2, 3]",0.019655609806493064,1,Mostly stable (3/4)
FELTCRAFT CUSHION BUTTERFLY,3,"[2, 3, 4]",0.019652882148199415,1,Mostly stable (3/4)
12 PENCILS SMALL TUBE SKULL,3,"[1, 2, 4]",0.01942728370594771,1,Mostly stable (3/4)
TRADITIONAL MODELLING CLAY,3,"[2, 3, 4]",0.01939889750720856,1,Mostly stable (3/4)
SET OF 20 KIDS COOKIE CUTTERS,3,"[1, 2, 4]",0.01937129648671212,1,Mostly stable (3/4)
HEART OF WICKER LARGE | WHITE HANGING HEART T-LIGHT HOLDER,3,"[2, 3, 4]",0.019338908279338443,2,Mostly stable (3/4)
TRADITIONAL WOODEN SKIPPING ROPE,3,"[2, 3, 4]",0.019313684768909937,1,Mostly stable (3/4)
BLUE SPOT CERAMIC DRAWER KNOB,3,"[1, 2, 3]",0.01924317468637954,1,Mostly stable (3/4)
WHITE HANGING HEART T-LIGHT HOLDER | WOODEN PICTURE FRAME WHITE FINISH,3,"[2, 3, 4]",0.01919269095834559,2,Mostly stable (3/4)
SWALLOWS GREETING CARD,3,"[1, 2, 3]",0.019144008942187166,1,Mostly stable (3/4)
HOME SWEET HOME MUG,3,"[1, 2, 4]",0.019130829094442105,1,Mostly stable (3/4)
HOME BUILDING BLOCK WORD | WHITE HANGING HEART T-LIGHT HOLDER,3,"[1, 2, 3]",0.01907020945805255,2,Mostly stable (3/4)
PACK OF 12 TRADITIONAL CRAYONS,3,"[2, 3, 4]",0.019019137323581323,1,Mostly stable (3/4)
EDWARDIAN PARASOL RED,3,"[1, 3, 4]",0.018993832735377986,1,Mostly stable (3/4)
MINI PAINT SET VINTAGE,3,"[2, 3, 4]",0.018958980897792643,1,Mostly stable (3/4)
JUMBO  BAG BAROQUE BLACK WHITE | JUMBO BAG RED RETROSPOT,3,"[2, 3, 4]",0.018865233443243815,2,Mostly stable (3/4)
HEART IVORY TRELLIS SMALL,3,"[1, 3, 4]",0.018851002665535726,1,Mostly stable (3/4)
JUMBO BAG PINK POLKADOT | JUMBO BAG RED RETROSPOT,3,"[2, 3, 4]",0.01880107836943871,2,Mostly stable (3/4)
PACK OF 12 LONDON TISSUES,3,"[2, 3, 4]",0.018665707839448122,1,Mostly stable (3/4)
PLACE SETTING WHITE HEART,3,"[1, 3, 4]",0.018647687318771866,1,Mostly stable (3/4)
WHITE METAL LANTERN,3,"[1, 2, 3]",0.018646095199290814,1,Mostly stable (3/4)
BATHROOM METAL SIGN | TOILET METAL SIGN,3,"[1, 2, 3]",0.018567521368561258,2,Mostly stable (3/4)
HEART FILIGREE DOVE LARGE,3,"[2, 3, 4]",0.018422313108925316,1,Mostly stable (3/4)
LUNCH BAG PINK POLKADOT | LUNCH BAG RED RETROSPOT,3,"[2, 3, 4]",0.01833709997029036,2,Mostly stable (3/4)
60 TEATIME FAIRY CAKE CASES | PACK OF 60 DINOSAUR CAKE CASES,3,"[1, 2, 3]",0.018307042346327577,2,Mostly stable (3/4)
RED SPOTTY BISCUIT TIN,3,"[1, 2, 3]",0.01830464384180606,1,Mostly stable (3/4)
WHITE SPOT BLUE CERAMIC DRAWER KNOB,3,"[1, 2, 3]",0.018191086873229248,1,Mostly stable (3/4)
NATURAL SLATE CHALKBOARD LARGE,3,"[1, 2, 3]",0.018116506740084973,1,Mostly stable (3/4)
60 TEATIME FAIRY CAKE CASES | PACK OF 72 RETRO SPOT CAKE CASES,3,"[1, 2, 3]",0.018081045400474078,2,Mostly stable (3/4)
LAUNDRY 15C METAL SIGN,3,"[1, 2, 3]",0.018017291342337333,1,Mostly stable (3/4)
JUMBO BAG STRAWBERRY | JUMBO STORAGE BAG SUKI,3,"[1, 2, 3]",0.017986512044775815,2,Mostly stable (3/4)
HOMEMADE JAM SCENTED CANDLES,3,"[1, 2, 4]",0.01797346296623122,1,Mostly stable (3/4)
YOU'RE CONFUSING ME METAL SIGN,3,"[1, 3, 4]",0.01793767725475012,1,Mostly stable (3/4)
JUMBO SHOPPER VINTAGE RED PAISLEY | JUMBO STORAGE BAG SUKI,3,"[1, 2, 3]",0.017811825226539676,2,Mostly stable (3/4)
SAVE THE PLANET MUG,3,"[1, 2, 4]",0.017807959277049486,1,Mostly stable (3/4)
MULTI COLOUR SILVER T-LIGHT HOLDER,3,"[2, 3, 4]",0.017773074084988235,1,Mostly stable (3/4)
SET OF 36 PAISLEY FLOWER DOILIES,3,"[1, 2, 3]",0.01772270490834517,1,Mostly stable (3/4)
LUNCH BAG  BLACK SKULL. | LUNCH BAG RED RETROSPOT,3,"[2, 3, 4]",0.017598537294086544,2,Mostly stable (3/4)
KITCHEN METAL SIGN,3,"[1, 2, 3]",0.017564406163286115,1,Mostly stable (3/4)
SILVER HANGING T-LIGHT HOLDER,3,"[2, 3, 4]",0.017185778433883383,1,Mostly stable (3/4)
60 TEATIME FAIRY CAKE CASES | 72 SWEETHEART FAIRY CAKE CASES,3,"[1, 2, 3]",0.01716016858104361,2,Mostly stable (3/4)
VINTAGE SNAKES & LADDERS,3,"[1, 2, 4]",0.0170690385195878,1,Mostly stable (3/4)
FAMILY ALBUM WHITE PICTURE FRAME,3,"[1, 2, 3]",0.01703439328727564,1,Mostly stable (3/4)
CHARLOTTE BAG PINK POLKADOT,3,"[1, 3, 4]",0.016994016657093988,1,Mostly stable (3/4)
LUNCH BAG SPACEBOY DESIGN | LUNCH BAG SUKI  DESIGN,3,"[1, 2, 3]",0.016980057394079665,2,Mostly stable (3/4)
JUMBO  BAG BAROQUE BLACK WHITE | JUMBO BAG STRAWBERRY,3,"[1, 2, 3]",0.016790049741783636,2,Mostly stable (3/4)
SET OF 72 RETRO SPOT PAPER  DOILIES,3,"[1, 2, 3]",0.016761118332348963,1,Mostly stable (3/4)
"KEY FOB , BACK DOOR",3,"[1, 2, 3]",0.01672975009606156,1,Mostly stable (3/4)
REGENCY CAKESTAND 3 TIER | ROSES REGENCY TEACUP AND SAUCER,3,"[2, 3, 4]",0.016616445563604604,2,Mostly stable (3/4)
PICTURE DOMINOES,3,"[2, 3, 4]",0.016615015870874456,1,Mostly stable (3/4)
PINK BLUE FELT CRAFT TRINKET BOX | PINK CREAM FELT CRAFT TRINKET BOX,3,"[1, 3, 4]",0.01660809231173414,2,Mostly stable (3/4)
PAPER CHAIN KIT 50'S CHRISTMAS,2,"[3, 4]",0.06995263675282232,1,Seasonal (2/4)
PAPER CHAIN KIT VINTAGE CHRISTMAS,2,"[3, 4]",0.052280582030831295,1,Seasonal (2/4)
HAND WARMER OWL DESIGN,2,"[3, 4]",0.043590958008921786,1,Seasonal (2/4)
DOOR MAT UNION FLAG,2,"[1, 2]",0.04209588306658195,1,Seasonal (2/4)
LUNCH BAG APPLE DESIGN,2,"[2, 3]",0.03995313686868186,1,Seasonal (2/4)
HAND WARMER SCOTTY DOG DESIGN,2,"[3, 4]",0.03949967214140759,1,Seasonal (2/4)
HAND WARMER BIRD DESIGN,2,"[3, 4]",0.03781684304727566,1,Seasonal (2/4)
PAPER CHAIN KIT EMPIRE,2,"[1, 2]",0.03763959544856959,1,Seasonal (2/4)
SET OF 20 VINTAGE CHRISTMAS NAPKINS,2,"[3, 4]",0.037502589777142485,1,Seasonal (2/4)
GREY HEART HOT WATER BOTTLE,2,"[3, 4]",0.034788359455312313,1,Seasonal (2/4)
RED RETROSPOT PICNIC BAG,2,"[2, 3]",0.034532654953455616,1,Seasonal (2/4)
60 CAKE CASES VINTAGE CHRISTMAS,2,"[3, 4]",0.03401470849540422,1,Seasonal (2/4)
RABBIT NIGHT LIGHT,2,"[2, 4]",0.032785969201310466,1,Seasonal (2/4)
JUMBO BAG APPLES,2,"[2, 3]",0.032123157665203045,1,Seasonal (2/4)
HOT WATER BOTTLE I AM SO POORLY,2,"[3, 4]",0.03200063521478245,1,Seasonal (2/4)
HOT WATER BOTTLE KEEP CALM,2,"[3, 4]",0.03181564149858893,1,Seasonal (2/4)
WOODEN UNION JACK BUNTING,2,"[1, 2]",0.03093848940210095,1,Seasonal (2/4)
ENAMEL FLOWER JUG CREAM,2,"[2, 3]",0.030853983056421827,1,Seasonal (2/4)
SET OF 3 REGENCY CAKE TINS,2,"[3, 4]",0.030159083355574243,1,Seasonal (2/4)
FAWN BLUE HOT WATER BOTTLE,2,"[1, 4]",0.029872904710845402,1,Seasonal (2/4)
WOODEN HEART CHRISTMAS SCANDINAVIAN,2,"[3, 4]",0.029829988324421384,1,Seasonal (2/4)
PAPER BUNTING WHITE LACE,2,"[1, 2]",0.029796676672147138,1,Seasonal (2/4)
WICKER STAR,2,"[3, 4]",0.02953493807195408,1,Seasonal (2/4)
JUMBO BAG VINTAGE DOILY,2,"[3, 4]",0.02922550916097695,1,Seasonal (2/4)
LUNCH BAG ALPHABET DESIGN,2,"[2, 3]",0.02889887466311528,1,Seasonal (2/4)
SET OF 6 SPICE TINS PANTRY DESIGN,2,"[1, 2]",0.02862711425668977,1,Seasonal (2/4)
TEA TIME PARTY BUNTING,2,"[1, 2]",0.02845866693204297,1,Seasonal (2/4)
KNITTED UNION FLAG HOT WATER BOTTLE,2,"[1, 4]",0.02817382278663243,1,Seasonal (2/4)
RED RETROSPOT SMALL MILK JUG,2,"[2, 3]",0.027833424640994198,1,Seasonal (2/4)
3 HEARTS HANGING DECORATION RUSTIC,2,"[3, 4]",0.02765233644658117,1,Seasonal (2/4)
LUNCH BAG DOILEY PATTERN,2,"[2, 3]",0.02750070733401754,1,Seasonal (2/4)
POPCORN HOLDER,2,"[3, 4]",0.027216966133628184,1,Seasonal (2/4)
JUMBO BAG DOILEY PATTERNS,2,"[2, 3]",0.026893616513230748,1,Seasonal (2/4)
SET OF 6 RIBBONS VINTAGE CHRISTMAS,2,"[3, 4]",0.026221358683414853,1,Seasonal (2/4)
LUNCH BAG VINTAGE LEAF DESIGN,2,"[2, 3]",0.025984219242909314,1,Seasonal (2/4)
JUMBO BAG 50'S CHRISTMAS,2,"[3, 4]",0.025754587322609254,1,Seasonal (2/4)
GARDENERS KNEELING PAD,2,"[2, 3]",0.025686389947386964,1,Seasonal (2/4)
DOORMAT KEEP CALM AND COME IN,2,"[2, 4]",0.025519513438481432,1,Seasonal (2/4)
LUNCH BAG VINTAGE DOILY,2,"[3, 4]",0.025488726016685358,1,Seasonal (2/4)
ALARM CLOCK BAKELIKE PINK,2,"[3, 4]",0.02542334313611941,1,Seasonal (2/4)
SMALL WHITE HEART OF WICKER,2,"[3, 4]",0.02498539203830568,1,Seasonal (2/4)
CHILDRENS APRON SPACEBOY DESIGN,2,"[3, 4]",0.024818463816137334,1,Seasonal (2/4)
STRAWBERRY   PICNIC BAG,2,"[1, 2]",0.024734113358209527,1,Seasonal (2/4)
LUNCH BOX WITH CUTLERY RETROSPOT,2,"[2, 3]",0.024592753565729354,1,Seasonal (2/4)
PINK FAIRY CAKE CHILDRENS APRON,2,"[3, 4]",0.02452673171563384,1,Seasonal (2/4)
BLUE HAPPY BIRTHDAY BUNTING,2,"[1, 2]",0.024414478091853653,1,Seasonal (2/4)
DOLLY GIRL LUNCH BOX | SPACEBOY LUNCH BOX,2,"[3, 4]",0.02439824100178335,2,Seasonal (2/4)
VINTAGE UNION JACK CUSHION COVER,2,"[1, 2]",0.0241384697256956,1,Seasonal (2/4)
ZINC FOLKART SLEIGH BELLS,2,"[3, 4]",0.024123837028201953,1,Seasonal (2/4)
TRAVEL SEWING KIT,2,"[3, 4]",0.02405996035482824,1,Seasonal (2/4)
DOOR MAT RED SPOT,2,"[1, 2]",0.02397544475338858,1,Seasonal (2/4)
RECIPE BOX RETROSPOT,2,"[1, 4]",0.02377126243286575,1,Seasonal (2/4)
BATH BUILDING BLOCK WORD,2,"[1, 2]",0.023359706521027243,1,Seasonal (2/4)
DOOR MAT NEW ENGLAND,2,"[1, 2]",0.023354284168687466,1,Seasonal (2/4)
SCANDINAVIAN REDS RIBBONS,2,"[3, 4]",0.02327189926342422,1,Seasonal (2/4)
SET OF 12 FAIRY CAKE BAKING CASES,2,"[3, 4]",0.022946216803193482,1,Seasonal (2/4)
TEA TIME CAKE STAND IN GIFT BOX,2,"[1, 2]",0.022858156649703563,1,Seasonal (2/4)
TRADITIONAL CHRISTMAS RIBBONS,2,"[3, 4]",0.02269691478410251,1,Seasonal (2/4)
SET OF 3 NOTEBOOKS IN PARCEL,2,"[3, 4]",0.022268180775077136,1,Seasonal (2/4)
4 TRADITIONAL SPINNING TOPS,2,"[3, 4]",0.022242341453483645,1,Seasonal (2/4)
LARGE WHITE HEART OF WICKER,2,"[3, 4]",0.022236811200210635,1,Seasonal (2/4)
GINGERBREAD MAN COOKIE CUTTER,2,"[1, 4]",0.022112828320348443,1,Seasonal (2/4)
FELTCRAFT PRINCESS CHARLOTTE DOLL,2,"[3, 4]",0.021844977019324772,1,Seasonal (2/4)
SCANDINAVIAN PAISLEY PICNIC BAG,2,"[2, 3]",0.021768232547997344,1,Seasonal (2/4)
DOORMAT SPOTTY HOME SWEET HOME,2,"[3, 4]",0.021652609632100576,1,Seasonal (2/4)
TEA TIME OVEN GLOVE,2,"[1, 2]",0.021597938173558935,1,Seasonal (2/4)
SET 7 BABUSHKA NESTING BOXES,2,"[3, 4]",0.02145096221011581,1,Seasonal (2/4)
PICNIC BASKET WICKER SMALL,2,"[2, 3]",0.021247052399484233,1,Seasonal (2/4)
OPEN CLOSED METAL SIGN,2,"[1, 3]",0.020975857704967037,1,Seasonal (2/4)
ALARM CLOCK BAKELIKE IVORY,2,"[3, 4]",0.020910328247058983,1,Seasonal (2/4)
GREEN REGENCY TEACUP AND SAUCER | PINK REGENCY TEACUP AND SAUCER,2,"[2, 3]",0.0206882528939873,2,Seasonal (2/4)
SMALL HEART MEASURING SPOONS,2,"[1, 4]",0.020602487376712577,1,Seasonal (2/4)
PACK 20 ENGLISH ROSE PAPER NAPKINS,2,"[1, 2]",0.02054819911274722,1,Seasonal (2/4)
ENAMEL MEASURING JUG CREAM,2,"[2, 3]",0.020391662559323696,1,Seasonal (2/4)
FOUR HOOK  WHITE LOVEBIRDS,2,"[1, 2]",0.020331694861481224,1,Seasonal (2/4)
WATERING CAN PINK BUNNY,2,"[1, 2]",0.02030235036646596,1,Seasonal (2/4)
PAPER BUNTING COLOURED LACE,2,"[1, 2]",0.020192592031849692,1,Seasonal (2/4)
LOVE BUILDING BLOCK WORD | WHITE HANGING HEART T-LIGHT HOLDER,2,"[1, 2]",0.020064936390491023,2,Seasonal (2/4)
TOY TIDY SPACEBOY,2,"[1, 3]",0.019938249141401507,1,Seasonal (2/4)
TOY TIDY PINK RETROSPOT,2,"[1, 2]",0.019919596083658175,1,Seasonal (2/4)
ENAMEL BREAD BIN CREAM,2,"[2, 3]",0.01972386265645823,1,Seasonal (2/4)
COOK WITH WINE METAL SIGN | GIN + TONIC DIET METAL SIGN,2,"[1, 2]",0.019663292475022447,2,Seasonal (2/4)
LARGE HEART MEASURING SPOONS,2,"[1, 4]",0.019610506477505795,1,Seasonal (2/4)
PINK REGENCY TEACUP AND SAUCER | ROSES REGENCY TEACUP AND SAUCER,2,"[2, 3]",0.01957848186296462,2,Seasonal (2/4)
JUMBO BAG PEARS,2,"[2, 3]",0.01955663109872851,1,Seasonal (2/4)
LUNCH BAG PINK RETROSPOT | LUNCH BAG RED SPOTTY,2,"[2, 3]",0.01950622791833851,2,Seasonal (2/4)
BINGO SET,2,"[3, 4]",0.019458672732020652,1,Seasonal (2/4)
3 HOOK PHOTO SHELF ANTIQUE WHITE,2,"[1, 2]",0.019455435635331,1,Seasonal (2/4)
MINT KITCHEN SCALES,2,"[2, 3]",0.019352033607826988,1,Seasonal (2/4)
SET OF 6 SOLDIER SKITTLES,2,"[3, 4]",0.019304679907142103,1,Seasonal (2/4)
HEART OF WICKER SMALL | WHITE HANGING HEART T-LIGHT HOLDER,2,"[2, 3]",0.01921087654453366,2,Seasonal (2/4)
RED 3 PIECE MINI DOTS CUTLERY SET,2,"[1, 2]",0.019128570565855426,1,Seasonal (2/4)
TRADITIONAL WOODEN CATCH CUP GAME,2,"[3, 4]",0.019110437629174127,1,Seasonal (2/4)
PAPER CHAIN KIT RETRO SPOT,2,"[1, 2]",0.01903227951156017,1,Seasonal (2/4)
SET/3 RED GINGHAM ROSE STORAGE BOX,2,"[3, 4]",0.019027726621686072,1,Seasonal (2/4)
DOORMAT FANCY FONT HOME SWEET HOME,2,"[3, 4]",0.018927656014289813,1,Seasonal (2/4)
CHARLOTTE BAG APPLES DESIGN,2,"[2, 3]",0.01886512199033881,1,Seasonal (2/4)
PARTY BUNTING | SPOTTY BUNTING,2,"[2, 3]",0.01881384590570742,2,Seasonal (2/4)
CHRISTMAS STAR WISH LIST CHALKBOARD,2,"[3, 4]",0.018812437908294552,1,Seasonal (2/4)
PINK FAIRY CAKE CHILD'S APRON,2,"[1, 2]",0.018800500529193236,1,Seasonal (2/4)
RED SPOT CERAMIC DRAWER KNOB,2,"[1, 3]",0.018681760237927364,1,Seasonal (2/4)
RETROSPOT CHILDRENS APRON,2,"[3, 4]",0.01865918245051907,1,Seasonal (2/4)
WOODEN HAPPY BIRTHDAY GARLAND,2,"[1, 3]",0.01862276712945965,1,Seasonal (2/4)
RETRO SPOT LARGE MILK JUG,2,"[1, 2]",0.018497557602393147,1,Seasonal (2/4)
BLUE 3 PIECE MINI DOTS CUTLERY SET,2,"[1, 2]",0.018471828008937735,1,Seasonal (2/4)
LUNCH BAG RED RETROSPOT | LUNCH BAG SUKI DESIGN,2,"[2, 3]",0.01842712116856986,2,Seasonal (2/4)
ANTIQUE SILVER T-LIGHT GLASS,2,"[2, 4]",0.018410317502614328,1,Seasonal (2/4)
HANGING HEART ZINC T-LIGHT HOLDER | SINGLE HEART ZINC T-LIGHT HOLDER,2,"[1, 2]",0.018373127020269248,2,Seasonal (2/4)
PHOTO FRAME CORNICE,2,"[1, 4]",0.01824506708841247,1,Seasonal (2/4)
ANTIQUE SILVER TEA GLASS ENGRAVED,2,"[3, 4]",0.0182186190948585,1,Seasonal (2/4)
RECIPE BOX BLUE SKETCHBOOK DESIGN,2,"[3, 4]",0.018210139373173218,1,Seasonal (2/4)
CERAMIC HEART FAIRY CAKE MONEY BANK,2,"[3, 4]",0.01811744243680764,1,Seasonal (2/4)
I CAN ONLY PLEASE ONE PERSON MUG,2,"[1, 2]",0.01808365137379018,1,Seasonal (2/4)
SKULL LUNCH BOX WITH CUTLERY,2,"[2, 3]",0.01783914976648967,1,Seasonal (2/4)
PLASTERS IN TIN SPACEBOY | PLASTERS IN TIN WOODLAND ANIMALS,2,"[2, 3]",0.01781729900225356,2,Seasonal (2/4)
LUNCH BAG RED SPOTTY | LUNCH BAG SUKI  DESIGN,2,"[2, 3]",0.01778390337547002,2,Seasonal (2/4)
DOOR MAT FAIRY CAKE,2,"[1, 2]",0.017779503479803473,1,Seasonal (2/4)
VINTAGE HEADS AND TAILS CARD GAME | VINTAGE SNAP CARDS,2,"[3, 4]",0.017753691151810577,2,Seasonal (2/4)
FELTCRAFT DOLL EMILY,2,"[1, 4]",0.017715955151706937,1,Seasonal (2/4)
FILIGRIS HEART WITH BUTTERFLY,2,"[1, 2]",0.017646425486105025,1,Seasonal (2/4)
BLUE HAPPY BIRTHDAY BUNTING | PINK HAPPY BIRTHDAY BUNTING,2,"[1, 2]",0.017620093409056306,2,Seasonal (2/4)
CARD HOLDER GINGHAM HEART,2,"[3, 4]",0.017514037851031703,1,Seasonal (2/4)
GREEN REGENCY TEACUP AND SAUCER | PINK REGENCY TEACUP AND SAUCER | ROSES REGENCY TEACUP AND SAUCER,2,"[2, 3]",0.017447581818722455,3,Seasonal (2/4)
SET/6 RED SPOTTY PAPER CUPS | SET/6 RED SPOTTY PAPER PLATES,2,"[1, 2]",0.017436158712040344,2,Seasonal (2/4)
BOX OF VINTAGE ALPHABET BLOCKS,2,"[2, 3]",0.01732281282860621,1,Seasonal (2/4)
REGENCY CAKESTAND 3 TIER | WHITE HANGING HEART T-LIGHT HOLDER,2,"[2, 3]",0.017305805274999753,2,Seasonal (2/4)
DOOR MAT ENGLISH ROSE,2,"[1, 2]",0.0172908184052075,1,Seasonal (2/4)
SET OF 72 RETROSPOT PAPER  DOILIES,2,"[1, 4]",0.017259814610214478,1,Seasonal (2/4)
DOORSTOP RETROSPOT HEART,2,"[2, 3]",0.017201394664448852,1,Seasonal (2/4)
CERAMIC CAKE STAND + HANGING CAKES,2,"[1, 2]",0.01719573231809886,1,Seasonal (2/4)
LUNCH BAG APPLE DESIGN | LUNCH BAG RED RETROSPOT,2,"[2, 3]",0.017182275245742257,2,Seasonal (2/4)
ROUND SNACK BOXES SET OF 4 FRUITS | ROUND SNACK BOXES SET OF4 WOODLAND,2,"[1, 2]",0.01715894537869567,2,Seasonal (2/4)
VICTORIAN SEWING BOX SMALL,2,"[1, 4]",0.017125178283350615,1,Seasonal (2/4)
GIN + TONIC DIET METAL SIGN | HAND OVER THE CHOCOLATE   SIGN,2,"[1, 2]",0.01709823629661699,2,Seasonal (2/4)
SET 12 KIDS COLOUR  CHALK STICKS,2,"[2, 4]",0.01700112294147014,1,Seasonal (2/4)
"FANCY FONT BIRTHDAY CARD,",2,"[1, 3]",0.016993399811763586,1,Seasonal (2/4)
CANDLEHOLDER PINK HANGING HEART,2,"[1, 4]",0.01695391761605875,1,Seasonal (2/4)
COWBOYS AND INDIANS BIRTHDAY CARD,2,"[1, 3]",0.016895450267354194,1,Seasonal (2/4)
LUNCH BAG CARS BLUE | LUNCH BAG RED RETROSPOT,2,"[2, 3]",0.016881461180878375,2,Seasonal (2/4)
LUNCH BAG CARS BLUE | LUNCH BAG SUKI DESIGN,2,"[2, 3]",0.016809826716681638,2,Seasonal (2/4)
WOOD 2 DRAWER CABINET WHITE FINISH | WOOD S/3 CABINET ANT WHITE FINISH,2,"[1, 3]",0.01679848224913274,2,Seasonal (2/4)
RED SPOTTY ROUND CAKE TINS,2,"[1, 2]",0.016795293369816902,1,Seasonal (2/4)
JUMBO  BAG BAROQUE BLACK WHITE | JUMBO STORAGE BAG SUKI,2,"[1, 3]",0.016749507476928042,2,Seasonal (2/4)
BAKING SET 9 PIECE RETROSPOT | BAKING SET SPACEBOY DESIGN,2,"[2, 3]",0.016734841426526016,2,Seasonal (2/4)
STRAWBERRY SHOPPER BAG,2,"[1, 2]",0.016732174353364992,1,Seasonal (2/4)
ROUND CONTAINER SET OF 5 RETROSPOT,2,"[1, 3]",0.016658530153026024,1,Seasonal (2/4)
PANTRY MAGNETIC  SHOPPING LIST,2,"[3, 4]",0.01662516878512835,1,Seasonal (2/4)
LUNCH BAG  BLACK SKULL. | LUNCH BAG RED SPOTTY,2,"[2, 3]",0.016618885953427687,2,Seasonal (2/4)
JUMBO BAG PINK VINTAGE PAISLEY | JUMBO BAG STRAWBERRY,2,"[1, 3]",0.016523587225050825,2,Seasonal (2/4)
RED RETROSPOT BUTTER DISH,2,"[2, 3]",0.01648381106162276,1,Seasonal (2/4)
DOOR MAT SPOTTY HOME SWEET HOME,2,"[1, 2]",0.016464813398781482,1,Seasonal (2/4)
GARDENERS KNEELING PAD CUP OF TEA | GARDENERS KNEELING PAD KEEP CALM,2,"[3, 4]",0.01641319822370063,2,Seasonal (2/4)
LUNCH BAG APPLE DESIGN | LUNCH BAG SUKI DESIGN,2,"[2, 3]",0.016409445251896512,2,Seasonal (2/4)
COOK WITH WINE METAL SIGN | HAND OVER THE CHOCOLATE   SIGN,2,"[1, 2]",0.016405911767482725,2,Seasonal (2/4)
PACK OF 60 PINK PAISLEY CAKE CASES | PACK OF 72 RETRO SPOT CAKE CASES,2,"[1, 2]",0.016380784657620624,2,Seasonal (2/4)
JUMBO BAG STRAWBERRY | JUMBO SHOPPER VINTAGE RED PAISLEY,2,"[2, 3]",0.0163623928974654,2,Seasonal (2/4)
SMALL DOLLY MIX DESIGN ORANGE BOWL,2,"[2, 3]",0.016276482225191725,1,Seasonal (2/4)
RED RETROSPOT SUGAR JAM BOWL,2,"[2, 3]",0.016257362806485126,1,Seasonal (2/4)
JUMBO BAG SCANDINAVIAN BLUE PAISLEY,2,"[2, 3]",0.016180265651229365,1,Seasonal (2/4)
CHILDS BREAKFAST SET SPACEBOY,2,"[3, 4]",0.015949007647755777,1,Seasonal (2/4)
BOX OF VINTAGE JIGSAW BLOCKS,2,"[2, 4]",0.01594204017542971,1,Seasonal (2/4)
LUNCH BAG RED SPOTTY | LUNCH BAG SPACEBOY DESIGN,2,"[2, 3]",0.01589583965954257,2,Seasonal (2/4)
"KEY FOB , GARAGE DESIGN",2,"[1, 2]",0.015882247204263487,1,Seasonal (2/4)
BLACK HEART CARD HOLDER,2,"[1, 2]",0.015870587374722397,1,Seasonal (2/4)
PICTURE FRAME WOOD TRIPLE PORTRAIT,2,"[1, 3]",0.015851851009469224,1,Seasonal (2/4)
REGENCY TEAPOT ROSES,2,"[2, 3]",0.015848787305111457,1,Seasonal (2/4)
JUMBO  BAG BAROQUE BLACK WHITE | JUMBO SHOPPER VINTAGE RED PAISLEY,2,"[2, 3]",0.015818742504286804,2,Seasonal (2/4)
PLASTERS IN TIN CIRCUS PARADE | PLASTERS IN TIN SPACEBOY,2,"[2, 3]",0.015788078223032777,2,Seasonal (2/4)
LUNCH BAG PINK RETROSPOT | LUNCH BAG SUKI  DESIGN,2,"[2, 3]",0.01577442149538521,2,Seasonal (2/4)
FANCY FONTS BIRTHDAY WRAP,2,"[1, 3]",0.015649927380600386,1,Seasonal (2/4)
PACK OF 12 SUKI TISSUES,2,"[2, 3]",0.01553704785812952,1,Seasonal (2/4)
HAND WARMER UNION JACK,1,[4],0.055292749127568826,1,Rare / trend (1/4)
WOODEN ROUNDERS GARDEN SET,1,[2],0.05087421078193298,1,Rare / trend (1/4)
WHITE SKULL HOT WATER BOTTLE,1,[4],0.049941837921675065,1,Rare / trend (1/4)
JUMBO BAG RED WHITE SPOTTY,1,[1],0.04786923525977817,1,Rare / trend (1/4)
RETROSPOT HEART HOT WATER BOTTLE,1,[4],0.04683986041101202,1,Rare / trend (1/4)
HAND WARMER RED RETROSPOT,1,[4],0.04668476153547887,1,Rare / trend (1/4)
PAPER CHAIN KIT 50'S CHRISTMAS | PAPER CHAIN KIT VINTAGE CHRISTMAS,1,[4],0.04296238852268321,2,Rare / trend (1/4)
WOODEN STAR CHRISTMAS SCANDINAVIAN,1,[4],0.041799146956184564,1,Rare / trend (1/4)
CREAM FELT EASTER EGG BASKET,1,[1],0.039988324576765905,1,Rare / trend (1/4)
GARLAND WOODEN HAPPY EASTER,1,[1],0.03911266783420899,1,Rare / trend (1/4)
PINK HEART SHAPE EGG FRYING PAN,1,[1],0.03794512551079977,1,Rare / trend (1/4)
CHICK GREY HOT WATER BOTTLE,1,[4],0.03722373012795657,1,Rare / trend (1/4)
WOODEN CROQUET GARDEN SET,1,[2],0.034968431277319086,1,Rare / trend (1/4)
CHOCOLATE HOT WATER BOTTLE | HOT WATER BOTTLE TEA AND SYMPATHY,1,[4],0.03481969755719271,2,Rare / trend (1/4)
CHRISTMAS CRAFT LITTLE FRIENDS,1,[4],0.034742148119426136,1,Rare / trend (1/4)
HAND WARMER BIRD DESIGN | HAND WARMER OWL DESIGN,1,[4],0.03427685149282668,2,Rare / trend (1/4)
HAND WARMER OWL DESIGN | HAND WARMER SCOTTY DOG DESIGN,1,[4],0.03412175261729353,2,Rare / trend (1/4)
FELTCRAFT CHRISTMAS FAIRY,1,[4],0.03326870880186119,1,Rare / trend (1/4)
ROTATING SILVER ANGELS T-LIGHT HLDR,1,[4],0.03218301667312912,1,Rare / trend (1/4)
PICNIC BASKET WICKER LARGE,1,[2],0.0305973773676542,1,Rare / trend (1/4)
POPPY'S PLAYHOUSE KITCHEN,1,[4],0.029856533540131833,1,Rare / trend (1/4)
RETRO SPOT CAKE STAND,1,[1],0.0297723292469352,1,Rare / trend (1/4)
HAND WARMER BIRD DESIGN | HAND WARMER SCOTTY DOG DESIGN,1,[4],0.02970143466459868,2,Rare / trend (1/4)
HAND WARMER BABUSHKA DESIGN,1,[4],0.029546335789065528,1,Rare / trend (1/4)
WOODEN HEART CHRISTMAS SCANDINAVIAN | WOODEN STAR CHRISTMAS SCANDINAVIAN,1,[4],0.029546335789065528,2,Rare / trend (1/4)
BLUE FELT EASTER EGG BASKET,1,[1],0.02933450087565674,1,Rare / trend (1/4)
WATERING CAN BLUE ELEPHANT,1,[2],0.029261777561923264,1,Rare / trend (1/4)
FELTCRAFT PRINCESS LOLA DOLL,1,[4],0.02908103916246607,1,Rare / trend (1/4)
EASTER CRAFT 4 CHICKS,1,[1],0.02875072971395213,1,Rare / trend (1/4)
CREAM HEART CARD HOLDER | WHITE HANGING HEART T-LIGHT HOLDER,1,[1],0.028604786923525978,2,Rare / trend (1/4)
PINK VINTAGE PAISLEY PICNIC BAG,1,[2],0.02841185041282176,1,Rare / trend (1/4)
CHRISTMAS LIGHTS 10 REINDEER,1,[4],0.028150445909267158,1,Rare / trend (1/4)
WOODEN TREE CHRISTMAS SCANDINAVIAN,1,[4],0.02807289647150058,1,Rare / trend (1/4)
CHRISTMAS CRAFT WHITE FAIRY,1,[4],0.02791779759596743,1,Rare / trend (1/4)
SET OF 60 PANTRY DESIGN CAKE CASES,1,[3],0.027829313543599257,1,Rare / trend (1/4)
CHRISTMAS CRAFT TREE TOP ANGEL,1,[4],0.027762698720434277,1,Rare / trend (1/4)
CHOCOLATE HOT WATER BOTTLE | HOT WATER BOTTLE I AM SO POORLY,1,[4],0.027607599844901125,2,Rare / trend (1/4)
HAND WARMER OWL DESIGN | HAND WARMER UNION JACK,1,[4],0.027452500969367973,2,Rare / trend (1/4)
WHITE CHERRY LIGHTS,1,[1],0.027437244600116754,1,Rare / trend (1/4)
POPPY'S PLAYHOUSE BEDROOM,1,[4],0.026987204342768516,1,Rare / trend (1/4)
15CM CHRISTMAS GLASS BALL 20 LIGHTS,1,[4],0.02628925940286933,1,Rare / trend (1/4)
CHOCOLATE HOT WATER BOTTLE | SCOTTIE DOG HOT WATER BOTTLE,1,[4],0.025979061651803026,2,Rare / trend (1/4)
SET OF 3 CAKE TINS PANTRY DESIGN | SET OF 6 SPICE TINS PANTRY DESIGN,1,[1],0.02583187390542907,2,Rare / trend (1/4)
JUMBO BAG DOLLY GIRL DESIGN,1,[3],0.025626159554730982,1,Rare / trend (1/4)
LOVE HOT WATER BOTTLE,1,[4],0.025591314462970142,1,Rare / trend (1/4)
RETRO SPOT SMALL MILK JUG,1,[1],0.025394045534150613,1,Rare / trend (1/4)
12 PENCILS SMALL TUBE RED RETROSPOT,1,[4],0.025358666149670413,1,Rare / trend (1/4)
HOT WATER BOTTLE BABUSHKA,1,[4],0.025358666149670413,1,Rare / trend (1/4)
HAND WARMER OWL DESIGN | HAND WARMER RED RETROSPOT,1,[4],0.025281116711903837,2,Rare / trend (1/4)
PARTY BUNTING | WHITE HANGING HEART T-LIGHT HOLDER,1,[2],0.025133559980573095,2,Rare / trend (1/4)
CHRISTMAS TOILET ROLL,1,[4],0.025126017836370685,1,Rare / trend (1/4)
VINTAGE DOILY TRAVEL SEWING KIT,1,[4],0.02481582008530438,1,Rare / trend (1/4)
RIBBON REEL CHRISTMAS SOCK BAUBLE,1,[4],0.024738270647537804,1,Rare / trend (1/4)
FOOD CONTAINER SET 3 LOVE HEART,1,[1],0.024518388791593695,1,Rare / trend (1/4)
IVORY HANGING DECORATION  HEART,1,[1],0.02437244600116754,1,Rare / trend (1/4)
RED SPOT HEART HOT WATER BOTTLE,1,[1],0.02437244600116754,1,Rare / trend (1/4)
RIBBON REEL HEARTS DESIGN,1,[1],0.02422650321074139,1,Rare / trend (1/4)
UNION STRIPE WITH FRINGE  HAMMOCK,1,[2],0.024040796503156873,1,Rare / trend (1/4)
CITRONELLA CANDLE FLOWERPOT,1,[2],0.023919378338999514,1,Rare / trend (1/4)
WOODEN SKITTLES GARDEN SET,1,[2],0.023797960174842158,1,Rare / trend (1/4)
KINGS CHOICE TEA CADDY,1,[1],0.02378867483946293,1,Rare / trend (1/4)
HAND WARMER SCOTTY DOG DESIGN | HAND WARMER UNION JACK,1,[4],0.023730127956572315,2,Rare / trend (1/4)
JUMBO BAG PAISLEY PARK,1,[4],0.02341993020550601,1,Rare / trend (1/4)
CHILDS APRON SPACEBOY DESIGN,1,[1],0.023350846468184472,1,Rare / trend (1/4)
PINK FELT EASTER EGG BASKET,1,[1],0.023350846468184472,1,Rare / trend (1/4)
CHILDS GARDEN TROWEL BLUE,1,[2],0.023312287518212724,1,Rare / trend (1/4)
RIBBON REEL CHRISTMAS PRESENT,1,[4],0.023264831329972858,1,Rare / trend (1/4)
HAND WARMER RED RETROSPOT | HAND WARMER SCOTTY DOG DESIGN,1,[4],0.02318728189220628,2,Rare / trend (1/4)
POPPY'S PLAYHOUSE BEDROOM | POPPY'S PLAYHOUSE KITCHEN,1,[4],0.02318728189220628,2,Rare / trend (1/4)
HAND WARMER RED LOVE HEART,1,[4],0.023109732454439706,1,Rare / trend (1/4)
LUNCH BAG PAISLEY PARK,1,[4],0.023109732454439706,1,Rare / trend (1/4)
SET OF TEA COFFEE SUGAR TINS PANTRY,1,[3],0.023075139146567718,1,Rare / trend (1/4)
PAPER CHAIN KIT RETROSPOT,1,[4],0.02303218301667313,1,Rare / trend (1/4)
12 PENCIL SMALL TUBE WOODLAND,1,[4],0.022954633578906553,1,Rare / trend (1/4)
SET 3 PAPER VINTAGE CHICK PAPER EGG,1,[1],0.02291301809690601,1,Rare / trend (1/4)
SET OF 12 MINI LOAF BAKING CASES,1,[3],0.022727272727272728,1,Rare / trend (1/4)
LUNCH BAG DOLLY GIRL DESIGN | LUNCH BAG SPACEBOY DESIGN,1,[3],0.022611317254174396,2,Rare / trend (1/4)
SMALL RED RETROSPOT WINDMILL,1,[2],0.022583778533268577,1,Rare / trend (1/4)
WATERING CAN GREEN DINOSAUR,1,[2],0.022583778533268577,1,Rare / trend (1/4)
WOODEN CROQUET GARDEN SET | WOODEN ROUNDERS GARDEN SET,1,[2],0.022583778533268577,2,Rare / trend (1/4)
HAND WARMER RED RETROSPOT | HAND WARMER UNION JACK,1,[4],0.022489336952307096,2,Rare / trend (1/4)
ROCKING HORSE RED CHRISTMAS,1,[4],0.022489336952307096,1,Rare / trend (1/4)
HAND WARMER BIRD DESIGN | HAND WARMER UNION JACK,1,[4],0.02241178751454052,2,Rare / trend (1/4)
POPPY'S PLAYHOUSE LIVINGROOM,1,[4],0.02241178751454052,1,Rare / trend (1/4)
CITRONELLA CANDLE GARDEN POT,1,[2],0.022340942204953862,1,Rare / trend (1/4)
DOOR MAT HEARTS,1,[2],0.022340942204953862,1,Rare / trend (1/4)
CIRCUS PARADE LUNCH BOX,1,[3],0.022263450834879406,1,Rare / trend (1/4)
ENGLISH ROSE HOT WATER BOTTLE,1,[4],0.022101589763474216,1,Rare / trend (1/4)
RED RETROSPOT JUMBO BAG,1,[2],0.022098105876639147,1,Rare / trend (1/4)
CHILDS GARDEN TROWEL PINK,1,[2],0.021976687712481787,1,Rare / trend (1/4)
ADVENT CALENDAR GINGHAM SACK,1,[4],0.021946490887941063,1,Rare / trend (1/4)
CHARLOTTE BAG DOLLY GIRL DESIGN,1,[3],0.021915584415584416,1,Rare / trend (1/4)
WOODEN STAR CHRISTMAS SCANDINAVIAN | WOODEN TREE CHRISTMAS SCANDINAVIAN,1,[4],0.02179139201240791,2,Rare / trend (1/4)
RIBBON REEL SNOWY VILLAGE,1,[4],0.02163629313687476,1,Rare / trend (1/4)
PLAYING CARDS KEEP CALM & CARRY ON,1,[4],0.021481194261341607,1,Rare / trend (1/4)
HOT WATER BOTTLE I AM SO POORLY | HOT WATER BOTTLE TEA AND SYMPATHY,1,[4],0.02124854594804188,2,Rare / trend (1/4)
CHILDS GARDEN FORK BLUE,1,[2],0.02124817872753764,1,Rare / trend (1/4)
SET OF 6 TEA TIME BAKING CASES,1,[3],0.021219851576994433,1,Rare / trend (1/4)
CAKE STAND 3 TIER MAGIC GARDEN,1,[1],0.021161704611792176,1,Rare / trend (1/4)
RED DINER WALL CLOCK,1,[1],0.021161704611792176,1,Rare / trend (1/4)
CHARLIE + LOLA RED HOT WATER BOTTLE,1,[4],0.021093447072508726,1,Rare / trend (1/4)
NOEL WOODEN BLOCK LETTERS,1,[4],0.021093447072508726,1,Rare / trend (1/4)
HAND WARMER BIRD DESIGN | HAND WARMER RED RETROSPOT,1,[4],0.021015897634742146,2,Rare / trend (1/4)
GLASS HONEYPOT WASP CATCHER,1,[2],0.021005342399222925,1,Rare / trend (1/4)
CHILDS GARDEN FORK PINK,1,[2],0.020883924235065566,1,Rare / trend (1/4)
BLUE FELT EASTER EGG BASKET | CREAM FELT EASTER EGG BASKET,1,[1],0.02086981903093987,2,Rare / trend (1/4)
JUMBO BAG PINK VINTAGE PAISLEY | JUMBO BAG RED RETROSPOT,1,[3],0.020756029684601114,2,Rare / trend (1/4)
TOAST ITS - I LOVE YOU,1,[1],0.02072387624051372,1,Rare / trend (1/4)
DOORMAT RED SPOT,1,[3],0.020640074211502782,1,Rare / trend (1/4)
BLUE DINER WALL CLOCK,1,[1],0.020577933450087564,1,Rare / trend (1/4)
GIN + TONIC DIET METAL SIGN | PLEASE ONE PERSON METAL SIGN,1,[1],0.020577933450087564,2,Rare / trend (1/4)
BOX OF 6 MINI 50'S CRACKERS,1,[4],0.02055060100814269,1,Rare / trend (1/4)
RETROSPOT HEART HOT WATER BOTTLE | SCOTTIE DOG HOT WATER BOTTLE,1,[4],0.02055060100814269,2,Rare / trend (1/4)
GINGHAM HEART  DOORSTOP RED,1,[1],0.020431990659661413,1,Rare / trend (1/4)
PACK OF 12 STICKY BUNNIES,1,[1],0.020431990659661413,1,Rare / trend (1/4)
JUMBO BAG VINTAGE CHRISTMAS,1,[4],0.020395502132609537,1,Rare / trend (1/4)
60 CAKE CASES VINTAGE CHRISTMAS | SET OF 20 VINTAGE CHRISTMAS NAPKINS,1,[4],0.020240403257076385,2,Rare / trend (1/4)
FELTCRAFT PRINCESS OLIVIA DOLL,1,[4],0.02016285381930981,1,Rare / trend (1/4)
HAND WARMER BIRD DESIGN | HAND WARMER OWL DESIGN | HAND WARMER SCOTTY DOG DESIGN,1,[4],0.02016285381930981,3,Rare / trend (1/4)
HOT WATER BOTTLE TEA AND SYMPATHY | SCOTTIE DOG HOT WATER BOTTLE,1,[4],0.02016285381930981,2,Rare / trend (1/4)
PACK OF 6 PANNETONE GIFT BOXES,1,[2],0.02015541525012142,1,Rare / trend (1/4)
POPPY'S PLAYHOUSE KITCHEN | POPPY'S PLAYHOUSE LIVINGROOM,1,[4],0.020085304381543233,2,Rare / trend (1/4)
RECIPE BOX RETRO SPOT DESIGN,1,[3],0.02006029684601113,1,Rare / trend (1/4)
RED METAL BEACH SPADE,1,[2],0.02003399708596406,1,Rare / trend (1/4)
VINTAGE CHRISTMAS BUNTING,1,[4],0.020007754943776657,1,Rare / trend (1/4)
COFFEE MUG APPLES DESIGN,1,[1],0.019994162288382952,1,Rare / trend (1/4)
SET OF 6 T-LIGHTS SANTA,1,[4],0.01993020550601008,1,Rare / trend (1/4)
PINK BABY BUNTING,1,[3],0.01982838589981447,1,Rare / trend (1/4)
PACK OF 6 SANDCASTLE FLAGS ASSORTED,1,[2],0.019791160757649345,1,Rare / trend (1/4)
JUMBO BAG PINK VINTAGE PAISLEY | JUMBO SHOPPER VINTAGE RED PAISLEY,1,[3],0.01971243042671614,2,Rare / trend (1/4)
LUNCH BAG  BLACK SKULL. | LUNCH BAG PINK POLKADOT,1,[3],0.01971243042671614,2,Rare / trend (1/4)
COOK WITH WINE METAL SIGN | PLEASE ONE PERSON METAL SIGN,1,[1],0.019702276707530646,2,Rare / trend (1/4)
RED SPOTTY PEG BAG,1,[2],0.01954832442933463,1,Rare / trend (1/4)
PACK 3 BOXES CHRISTMAS PANNETONE,1,[4],0.0195424583171772,1,Rare / trend (1/4)
RED FLORAL FELTCRAFT SHOULDER BAG,1,[4],0.0195424583171772,1,Rare / trend (1/4)
CHILDS GARDEN TROWEL BLUE | CHILDS GARDEN TROWEL PINK,1,[2],0.01942690626517727,2,Rare / trend (1/4)
VINTAGE UNION JACK MEMOBOARD,1,[2],0.01942690626517727,1,Rare / trend (1/4)
SET 2 TEA TOWELS I LOVE LONDON,1,[4],0.019387359441644048,1,Rare / trend (1/4)
SET OF 6 SNACK LOAF BAKING CASES,1,[3],0.01936456400742115,1,Rare / trend (1/4)
CHRISTMAS LIGHTS 10 VINTAGE BAUBLES,1,[4],0.01930981000387747,1,Rare / trend (1/4)
CHRISTMAS PUDDING TRINKET POT,1,[4],0.01930981000387747,1,Rare / trend (1/4)
CHRISTMAS RETROSPOT STAR WOOD,1,[4],0.01930981000387747,1,Rare / trend (1/4)
DELUXE SEWING KIT,1,[4],0.01930981000387747,1,Rare / trend (1/4)
"CHARLOTTE BAG , PINK/WHITE SPOTS",1,[1],0.01926444833625219,1,Rare / trend (1/4)
LUNCHBOX WITH CUTLERY RETROSPOT,1,[1],0.01926444833625219,1,Rare / trend (1/4)
ALARM CLOCK BAKELIKE PINK | ALARM CLOCK BAKELIKE RED,1,[4],0.019077161690577743,2,Rare / trend (1/4)
COSY HOUR CIGAR BOX MATCHES,1,[4],0.019077161690577743,1,Rare / trend (1/4)
WOODEN HEART CHRISTMAS SCANDINAVIAN | WOODEN TREE CHRISTMAS SCANDINAVIAN,1,[4],0.019077161690577743,2,Rare / trend (1/4)
POPPY'S PLAYHOUSE BEDROOM | POPPY'S PLAYHOUSE LIVINGROOM,1,[4],0.018844513377278015,2,Rare / trend (1/4)
LAVENDER SCENTED FABRIC HEART,1,[1],0.01882661996497373,1,Rare / trend (1/4)
RETRO SPOT TRADITIONAL TEAPOT,1,[1],0.01882661996497373,1,Rare / trend (1/4)
36 DOILIES VINTAGE CHRISTMAS,1,[3],0.0187847866419295,1,Rare / trend (1/4)
VINTAGE CREAM 3 BASKET CAKE STAND,1,[3],0.0187847866419295,1,Rare / trend (1/4)
PINK 3 PIECE MINI DOTS CUTLERY SET,1,[2],0.018698397280233123,1,Rare / trend (1/4)
RIBBON REEL MAKING SNOWMEN,1,[4],0.018689414501744862,1,Rare / trend (1/4)
HEN HOUSE DECORATION,1,[1],0.018680677174547577,1,Rare / trend (1/4)
PINK CHERRY LIGHTS,1,[1],0.018680677174547577,1,Rare / trend (1/4)
SET/10 PINK SPOTTY PARTY CANDLES,1,[1],0.018680677174547577,1,Rare / trend (1/4)
12 PENCILS TALL TUBE SKULLS,1,[4],0.018611865063978286,1,Rare / trend (1/4)
ALARM CLOCK BAKELIKE GREEN | ALARM CLOCK BAKELIKE PINK,1,[4],0.018611865063978286,2,Rare / trend (1/4)
CARD MOTORBIKE SANTA,1,[4],0.018611865063978286,1,Rare / trend (1/4)
PARTY CONE CHRISTMAS DECORATION,1,[4],0.018611865063978286,1,Rare / trend (1/4)
PAPER BUNTING VINTAGE PAISLEY,1,[2],0.018576979116075764,1,Rare / trend (1/4)
SET OF 9 HEART SHAPED BALLOONS,1,[2],0.018576979116075764,1,Rare / trend (1/4)
LUNCH BAG  BLACK SKULL. | LUNCH BAG SUKI DESIGN,1,[3],0.01855287569573284,2,Rare / trend (1/4)
JAM MAKING SET WITH JARS | SET OF 3 CAKE TINS PANTRY DESIGN,1,[1],0.018534734384121423,2,Rare / trend (1/4)
KINGS CHOICE BISCUIT TIN,1,[1],0.018534734384121423,1,Rare / trend (1/4)
SET/10 RED SPOTTY PARTY CANDLES,1,[1],0.018534734384121423,1,Rare / trend (1/4)
GIANT 50'S CHRISTMAS CRACKER,1,[4],0.01853431562621171,1,Rare / trend (1/4)
HEART OF WICKER LARGE | WICKER STAR,1,[4],0.01853431562621171,2,Rare / trend (1/4)
BOX OF 6 MINI VINTAGE CRACKERS,1,[4],0.018456766188445134,1,Rare / trend (1/4)
PINK FLORAL FELTCRAFT SHOULDER BAG,1,[4],0.018456766188445134,1,Rare / trend (1/4)
FELT EGG COSY CHICKEN,1,[1],0.01838879159369527,1,Rare / trend (1/4)
HAND OVER THE CHOCOLATE   SIGN | PLEASE ONE PERSON METAL SIGN,1,[1],0.01838879159369527,2,Rare / trend (1/4)
60 CAKE CASES DOLLY GIRL DESIGN,1,[4],0.018379216750678558,1,Rare / trend (1/4)
CHRISTMAS RETROSPOT ANGEL WOOD,1,[4],0.018379216750678558,1,Rare / trend (1/4)
HEART WOODEN CHRISTMAS DECORATION,1,[4],0.018379216750678558,1,Rare / trend (1/4)
PARTY BUNTING | REGENCY CAKESTAND 3 TIER,1,[2],0.01833414278776105,2,Rare / trend (1/4)
RED RETROSPOT PICNIC BAG | STRAWBERRY   PICNIC BAG,1,[2],0.01833414278776105,2,Rare / trend (1/4)
DOORMAT WELCOME TO OUR HOME,1,[3],0.018320964749536178,1,Rare / trend (1/4)
JUMBO BAG APPLES | JUMBO BAG RED RETROSPOT,1,[3],0.018320964749536178,2,Rare / trend (1/4)
JUMBO BAG RED RETROSPOT | LUNCH BAG  BLACK SKULL.,1,[3],0.018320964749536178,2,Rare / trend (1/4)
JUMBO BAG RED RETROSPOT | LUNCH BAG CARS BLUE,1,[3],0.018320964749536178,2,Rare / trend (1/4)
JUMBO BAG RED RETROSPOT | LUNCH BAG RED RETROSPOT,1,[3],0.018320964749536178,2,Rare / trend (1/4)
LUNCH BAG CARS BLUE | LUNCH BAG PINK POLKADOT,1,[3],0.018320964749536178,2,Rare / trend (1/4)
GREEN CHRISTMAS TREE CARD HOLDER,1,[4],0.01830166731291198,1,Rare / trend (1/4)
PAPER CHAIN KIT VINTAGE CHRISTMAS | SET OF 20 VINTAGE CHRISTMAS NAPKINS,1,[4],0.01830166731291198,2,Rare / trend (1/4)
BATH BUILDING BLOCK WORD | HOME BUILDING BLOCK WORD,1,[1],0.018242848803269117,2,Rare / trend (1/4)
BRIGHT BLUES RIBBONS,1,[1],0.018242848803269117,1,Rare / trend (1/4)
FIRST AID TIN,1,[1],0.018242848803269117,1,Rare / trend (1/4)
DISCO BALL CHRISTMAS DECORATION,1,[4],0.018224117875145406,1,Rare / trend (1/4)
SET OF 3 WOODEN HEART DECORATIONS,1,[4],0.018224117875145406,1,Rare / trend (1/4)
WOODEN BOX ADVENT CALENDAR,1,[4],0.018224117875145406,1,Rare / trend (1/4)
CHILDS GARDEN FORK BLUE | CHILDS GARDEN FORK PINK,1,[2],0.018212724623603693,2,Rare / trend (1/4)
JUMBO BAG RED RETROSPOT | JUMBO BAG VINTAGE LEAF,1,[3],0.01820500927643785,2,Rare / trend (1/4)
VINTAGE DOILY JUMBO BAG RED,1,[4],0.01814656843737883,1,Rare / trend (1/4)
NATURAL SLATE HEART CHALKBOARD | WHITE HANGING HEART T-LIGHT HOLDER,1,[1],0.018096906012842966,2,Rare / trend (1/4)
PLEASE ONE PERSON METAL SIGN | WHITE HANGING HEART T-LIGHT HOLDER,1,[1],0.018096906012842966,2,Rare / trend (1/4)
RETRO RED SPOTTY WASHING UP GLOVES,1,[1],0.018096906012842966,1,Rare / trend (1/4)
LUNCH BAG  BLACK SKULL. | LUNCH BAG DOLLY GIRL DESIGN,1,[3],0.018089053803339517,2,Rare / trend (1/4)
AGED GLASS SILVER T-LIGHT HOLDER,1,[4],0.018069018999612253,1,Rare / trend (1/4)
RED RETROSPOT MINI CASES,1,[4],0.018069018999612253,1,Rare / trend (1/4)
LUNCH BAG CARS BLUE | LUNCH BAG DOLLY GIRL DESIGN,1,[3],0.01797309833024119,2,Rare / trend (1/4)
GROW YOUR OWN BASIL IN ENAMEL MUG,1,[2],0.017969888295288974,1,Rare / trend (1/4)
PINK VINTAGE PAISLEY PICNIC BAG | SCANDINAVIAN PAISLEY PICNIC BAG,1,[2],0.017969888295288974,2,Rare / trend (1/4)
SET OF 2 WOODEN MARKET CRATES,1,[2],0.017969888295288974,1,Rare / trend (1/4)
WRAP PINK FAIRY CAKES,1,[1],0.01795096322241681,1,Rare / trend (1/4)
60 CAKE CASES VINTAGE CHRISTMAS | PAPER CHAIN KIT VINTAGE CHRISTMAS,1,[4],0.0179139201240791,2,Rare / trend (1/4)
FAIRY CAKE FLANNEL ASSORTED COLOUR,1,[4],0.0179139201240791,1,Rare / trend (1/4)
TRADITIONAL PICK UP STICKS GAME,1,[4],0.0179139201240791,1,Rare / trend (1/4)
CHILDS GARDEN FORK BLUE | CHILDS GARDEN TROWEL BLUE,1,[2],0.017848470131131618,2,Rare / trend (1/4)
FELTCRAFT PRINCESS CHARLOTTE DOLL | FELTCRAFT PRINCESS LOLA DOLL,1,[4],0.017836370686312525,2,Rare / trend (1/4)
"ELEPHANT, BIRTHDAY CARD,",1,[1],0.01780502043199066,1,Rare / trend (1/4)
RED/WHITE DOT MINI CASES,1,[1],0.01780502043199066,1,Rare / trend (1/4)
PIGGY BANK RETROSPOT,1,[3],0.017741187384044527,1,Rare / trend (1/4)
BOYS VINTAGE TIN SEASIDE BUCKET,1,[2],0.017727051966974258,1,Rare / trend (1/4)
CARD CHRISTMAS VILLAGE,1,[4],0.017681271810779373,1,Rare / trend (1/4)
CHARLIE+LOLA PINK HOT WATER BOTTLE,1,[4],0.017681271810779373,1,Rare / trend (1/4)
GIRLS VINTAGE TIN SEASIDE BUCKET,1,[2],0.017605633802816902,1,Rare / trend (1/4)
SET OF 6 T-LIGHTS SNOWMEN,1,[4],0.017603722373012796,1,Rare / trend (1/4)
POPPY'S PLAYHOUSE BEDROOM | POPPY'S PLAYHOUSE KITCHEN | POPPY'S PLAYHOUSE LIVINGROOM,1,[4],0.01752617293524622,3,Rare / trend (1/4)
SWEETHEART RECIPE BOOK STAND,1,[4],0.01752617293524622,1,Rare / trend (1/4)
CACTI T-LIGHT CANDLES,1,[1],0.017513134851138354,1,Rare / trend (1/4)
FELT EGG COSY WHITE RABBIT,1,[1],0.017513134851138354,1,Rare / trend (1/4)
SWEETHEART CAKESTAND 3 TIER,1,[1],0.017513134851138354,1,Rare / trend (1/4)
SMALL PURPLE BABUSHKA NOTEBOOK,1,[4],0.017448623497479644,1,Rare / trend (1/4)
HAND WARMER SCOTTY DOG DESIGN | SCOTTIE DOG HOT WATER BOTTLE,1,[4],0.017371074059713068,2,Rare / trend (1/4)
S/4 VALENTINE DECOUPAGE HEART BOX,1,[1],0.0173671920607122,1,Rare / trend (1/4)
REGENCY TEA PLATE ROSES,1,[2],0.017362797474502187,1,Rare / trend (1/4)
ALARM CLOCK BAKELIKE CHOCOLATE,1,[4],0.017293524621946492,1,Rare / trend (1/4)
STAR WOODEN CHRISTMAS DECORATION,1,[4],0.017293524621946492,1,Rare / trend (1/4)
LUNCH BAG SPACEBOY DESIGN | LUNCH BAG SUKI DESIGN,1,[3],0.017277365491651205,2,Rare / trend (1/4)
SET OF 3 BUTTERFLY COOKIE CUTTERS | SET OF 3 HEART COOKIE CUTTERS,1,[1],0.017221249270286048,2,Rare / trend (1/4)
ALARM CLOCK BAKELIKE ORANGE,1,[3],0.017161410018552876,1,Rare / trend (1/4)
GREEN REGENCY TEACUP AND SAUCER | REGENCY CAKESTAND 3 TIER,1,[3],0.017161410018552876,2,Rare / trend (1/4)
JUMBO BAG RED RETROSPOT | JUMBO STORAGE BAG SKULLS,1,[3],0.017161410018552876,2,Rare / trend (1/4)
LUNCH BAG RED RETROSPOT | LUNCH BAG SPACEBOY DESIGN,1,[3],0.017161410018552876,2,Rare / trend (1/4)
SET OF 12 FAIRY CAKE BAKING CASES | SET OF 12 MINI LOAF BAKING CASES,1,[3],0.017161410018552876,2,Rare / trend (1/4)
CHRISTMAS RETROSPOT TREE WOOD,1,[4],0.01713842574641334,1,Rare / trend (1/4)
VINTAGE CHRISTMAS STOCKING,1,[4],0.01713842574641334,1,Rare / trend (1/4)
BUNNY WOODEN PAINTED WITH BIRD,1,[1],0.017075306479859893,1,Rare / trend (1/4)
RED SPOTTY CHILDS APRON,1,[1],0.017075306479859893,1,Rare / trend (1/4)
SUKI  SHOULDER BAG,1,[1],0.017075306479859893,1,Rare / trend (1/4)
CHILDS BREAKFAST SET DOLLY GIRL,1,[3],0.017045454545454544,1,Rare / trend (1/4)
NO JUNK MAIL METAL SIGN,1,[3],0.017045454545454544,1,Rare / trend (1/4)
CHILDS GARDEN FORK PINK | CHILDS GARDEN TROWEL PINK,1,[2],0.016998542982030112,2,Rare / trend (1/4)
ENGLISH ROSE DESIGN PEG BAG,1,[2],0.016998542982030112,1,Rare / trend (1/4)
GROW YOUR OWN PLANT IN A CAN,1,[2],0.016998542982030112,1,Rare / trend (1/4)
GREY HEART HOT WATER BOTTLE | SCOTTIE DOG HOT WATER BOTTLE,1,[4],0.016983326870880187,2,Rare / trend (1/4)
CERAMIC CHERRY CAKE MONEY BANK,1,[3],0.016929499072356215,1,Rare / trend (1/4)
CHARLOTTE BAG PINK WITH WHITE SPOTS,1,[3],0.016929499072356215,1,Rare / trend (1/4)
JUMBO BAG RED RETROSPOT | JUMBO BAG SPACEBOY DESIGN,1,[3],0.016929499072356215,2,Rare / trend (1/4)
WOOD 2 DRAWER CABINET WHITE FINISH | WOODEN PICTURE FRAME WHITE FINISH,1,[3],0.016929499072356215,2,Rare / trend (1/4)
CERAMIC CAKE DESIGN SPOTTED MUG,1,[1],0.016929363689433742,1,Rare / trend (1/4)
COFFEE MUG CAT + BIRD DESIGN,1,[1],0.016929363689433742,1,Rare / trend (1/4)
STRAWBERRY CERAMIC TRINKET BOX | WHITE HANGING HEART T-LIGHT HOLDER,1,[1],0.016929363689433742,2,Rare / trend (1/4)
12 MESSAGE CARDS WITH ENVELOPES,1,[4],0.01690577743311361,1,Rare / trend (1/4)
ALARM CLOCK BAKELIKE IVORY | ALARM CLOCK BAKELIKE RED,1,[4],0.01690577743311361,2,Rare / trend (1/4)
ROLL WRAP 50'S CHRISTMAS,1,[4],0.01690577743311361,1,Rare / trend (1/4)
BIRD HOUSE HOT WATER BOTTLE,1,[4],0.016828227995347035,1,Rare / trend (1/4)
LUNCH BAG  BLACK SKULL. | LUNCH BAG CARS BLUE | LUNCH BAG SPACEBOY DESIGN,1,[3],0.016813543599257887,3,Rare / trend (1/4)
BLUE FELT EASTER EGG BASKET | PINK FELT EASTER EGG BASKET,1,[1],0.016783420899007587,2,Rare / trend (1/4)
EASTER TIN BUCKET,1,[1],0.016783420899007587,1,Rare / trend (1/4)
SET/2 RED SPOTTY TEA TOWELS,1,[1],0.016783420899007587,1,Rare / trend (1/4)
WHITE HANGING HEART T-LIGHT HOLDER | ZINC METAL HEART DECORATION,1,[1],0.016783420899007587,2,Rare / trend (1/4)
CHILDS GARDEN FORK PINK | CHILDS GARDEN TROWEL BLUE,1,[2],0.016755706653715396,2,Rare / trend (1/4)
BLACK RECORD COVER FRAME,1,[4],0.01675067855758046,1,Rare / trend (1/4)
HAPPY STENCIL CRAFT,1,[4],0.01675067855758046,1,Rare / trend (1/4)
TRADITIONAL NAUGHTS & CROSSES,1,[4],0.01675067855758046,1,Rare / trend (1/4)
LUNCH BAG CARS BLUE | LUNCH BAG RED SPOTTY,1,[3],0.016697588126159554,2,Rare / trend (1/4)
JAM MAKING SET PRINTED | JAM MAKING SET WITH JARS,1,[1],0.016637478108581436,2,Rare / trend (1/4)
STRAWBERRY LUNCHBOX WITH CUTLERY,1,[1],0.016637478108581436,1,Rare / trend (1/4)
LUNCH BAG ALPHABET DESIGN | LUNCH BAG APPLE DESIGN,1,[2],0.016634288489558037,2,Rare / trend (1/4)
PAPER CHAIN KIT 50'S CHRISTMAS | SET OF 20 VINTAGE CHRISTMAS NAPKINS,1,[4],0.016595579682047307,2,Rare / trend (1/4)
PAPER CHAIN KIT 50'S CHRISTMAS | WHITE HANGING HEART T-LIGHT HOLDER,1,[4],0.016595579682047307,2,Rare / trend (1/4)
SCOTTIE DOG HOT WATER BOTTLE | WHITE HANGING HEART T-LIGHT HOLDER,1,[4],0.016595579682047307,2,Rare / trend (1/4)
SMALL RED BABUSHKA NOTEBOOK,1,[4],0.016595579682047307,1,Rare / trend (1/4)
WOODEN HEART CHRISTMAS SCANDINAVIAN | WOODEN STAR CHRISTMAS SCANDINAVIAN | WOODEN TREE CHRISTMAS SCANDINAVIAN,1,[4],0.016595579682047307,3,Rare / trend (1/4)
LUNCH BAG CARS BLUE | LUNCH BAG SPACEBOY DESIGN | LUNCH BAG WOODLAND,1,[3],0.016581632653061226,3,Rare / trend (1/4)
CHRISTMAS GINGHAM STAR,1,[4],0.01651803024428073,1,Rare / trend (1/4)
FULL ENGLISH BREAKFAST PLATE,1,[4],0.01651803024428073,1,Rare / trend (1/4)
ENAMEL WATERING CAN CREAM,1,[2],0.01651287032540068,1,Rare / trend (1/4)
PACK OF 20 SKULL PAPER NAPKINS,1,[2],0.01651287032540068,1,Rare / trend (1/4)
72 SWEETHEART FAIRY CAKE CASES | PACK OF 60 PINK PAISLEY CAKE CASES,1,[1],0.01649153531815528,2,Rare / trend (1/4)
COFFEE MUG PEARS  DESIGN,1,[1],0.01649153531815528,1,Rare / trend (1/4)
FANNY'S REST STOPMETAL SIGN,1,[1],0.01649153531815528,1,Rare / trend (1/4)
FELTCRAFT 6 FLOWER FRIENDS | FELTCRAFT BUTTERFLY HEARTS,1,[1],0.01649153531815528,2,Rare / trend (1/4)
GLITTER BUTTERFLY CLIPS,1,[1],0.01649153531815528,1,Rare / trend (1/4)
ORGANISER WOOD ANTIQUE WHITE,1,[1],0.01649153531815528,1,Rare / trend (1/4)
RED SPOTS  WRAP,1,[1],0.01649153531815528,1,Rare / trend (1/4)
RED SPOTTY SHOPPER BAG,1,[1],0.01649153531815528,1,Rare / trend (1/4)
SET 12 RETRO WHITE CHALK STICKS,1,[1],0.01649153531815528,1,Rare / trend (1/4)
YELLOW METAL CHICKEN HEART,1,[1],0.01649153531815528,1,Rare / trend (1/4)
ROBOT BIRTHDAY CARD,1,[3],0.016465677179962893,1,Rare / trend (1/4)
JUMBO BAG DOILEY PATTERNS | LUNCH BAG DOILEY PATTERN,1,[2],0.01639145216124332,2,Rare / trend (1/4)
RED RETROSPOT TRADITIONAL TEAPOT,1,[2],0.01639145216124332,1,Rare / trend (1/4)
AIRLINE BAG VINTAGE TOKYO 78,1,[4],0.01636293136874758,1,Rare / trend (1/4)
CHRISTMAS CRAFT LITTLE FRIENDS | CHRISTMAS CRAFT WHITE FAIRY,1,[4],0.01636293136874758,2,Rare / trend (1/4)
WRAP CHRISTMAS VILLAGE,1,[4],0.01636293136874758,1,Rare / trend (1/4)
LUNCH BAG CARS BLUE | LUNCH BAG SUKI  DESIGN,1,[3],0.016349721706864564,2,Rare / trend (1/4)
LUNCH BAG DOLLY GIRL DESIGN | LUNCH BAG WOODLAND,1,[3],0.016349721706864564,2,Rare / trend (1/4)
RETRO SPOT SUGAR JAM BOWL,1,[1],0.01634559252772913,1,Rare / trend (1/4)
CHRISTMAS METAL TAGS ASSORTED,1,[4],0.016285381930981,1,Rare / trend (1/4)
RED RETROSPOT UMBRELLA,1,[4],0.016285381930981,1,Rare / trend (1/4)
RED STAR CARD HOLDER,1,[4],0.016285381930981,1,Rare / trend (1/4)
TRAVEL CARD WALLET KEEP CALM,1,[2],0.016270033997085966,1,Rare / trend (1/4)
JUMBO BAG APPLES | JUMBO BAG PEARS,1,[3],0.016233766233766232,2,Rare / trend (1/4)
SET OF 60 VINTAGE LEAF CAKE CASES,1,[3],0.016233766233766232,1,Rare / trend (1/4)
ASSORTED COLOUR BIRD ORNAMENT | PAINTED METAL PEARS ASSORTED,1,[4],0.016207832493214423,2,Rare / trend (1/4)
RED WOOLLY HOTTIE WHITE HEART. | SCOTTIE DOG HOT WATER BOTTLE,1,[4],0.016207832493214423,2,Rare / trend (1/4)
DOOR MAT 3 SMILEY CATS,1,[1],0.016199649737302976,1,Rare / trend (1/4)
MINI CAKE STAND  HANGING STRAWBERY,1,[1],0.016199649737302976,1,Rare / trend (1/4)
WHITE HANGING HEART T-LIGHT HOLDER | WOOD S/3 CABINET ANT WHITE FINISH,1,[1],0.016199649737302976,2,Rare / trend (1/4)
PARTY BUNTING | TEA TIME PARTY BUNTING,1,[2],0.016148615832928606,2,Rare / trend (1/4)
PLASTERS IN TIN CIRCUS PARADE | PLASTERS IN TIN WOODLAND ANIMALS,1,[2],0.016148615832928606,2,Rare / trend (1/4)
CHRISTMAS HANGING STAR WITH BELL,1,[4],0.016130283055447846,1,Rare / trend (1/4)
POPPY'S PLAYHOUSE BATHROOM,1,[4],0.016130283055447846,1,Rare / trend (1/4)
LUNCH BAG RED RETROSPOT | LUNCH BAG WOODLAND,1,[3],0.016117810760667903,2,Rare / trend (1/4)
JUMBO BAG RED WHITE SPOTTY | JUMBO BAG STRAWBERRY,1,[1],0.016053706946876824,2,Rare / trend (1/4)
CHOCOLATE HOT WATER BOTTLE | RETROSPOT HEART HOT WATER BOTTLE,1,[4],0.01605273361768127,2,Rare / trend (1/4)
T-LIGHT GLASS FLUTED ANTIQUE,1,[4],0.01605273361768127,1,Rare / trend (1/4)
CHOCOLATE BOX RIBBONS,1,[3],0.016001855287569575,1,Rare / trend (1/4)
GIN & TONIC DIET GREETING CARD,1,[3],0.016001855287569575,1,Rare / trend (1/4)
IVORY KITCHEN SCALES | RED KITCHEN SCALES,1,[3],0.016001855287569575,2,Rare / trend (1/4)
JUMBO BAG APPLES | JUMBO BAG VINTAGE LEAF,1,[3],0.016001855287569575,2,Rare / trend (1/4)
LUNCH BAG  BLACK SKULL. | LUNCH BAG APPLE DESIGN,1,[3],0.016001855287569575,2,Rare / trend (1/4)
LUNCH BAG  BLACK SKULL. | LUNCH BAG SPACEBOY DESIGN | LUNCH BAG WOODLAND,1,[3],0.016001855287569575,3,Rare / trend (1/4)
PINK REGENCY TEACUP AND SAUCER | REGENCY CAKESTAND 3 TIER,1,[3],0.016001855287569575,2,Rare / trend (1/4)
GLASS  BEURRE DISH,1,[1],0.01590776415645067,1,Rare / trend (1/4)
SET/3 RUSSIAN DOLL STACKING TINS,1,[1],0.01590776415645067,1,Rare / trend (1/4)
MINI CAKE STAND WITH HANGING CAKES,1,[2],0.01590577950461389,1,Rare / trend (1/4)
SET OF 9 BLACK SKULL BALLOONS,1,[2],0.01590577950461389,1,Rare / trend (1/4)
WOODEN ROUNDERS GARDEN SET | WOODEN SKITTLES GARDEN SET,1,[2],0.01590577950461389,2,Rare / trend (1/4)
BALLOONS  WRITING SET,1,[4],0.015897634742148118,1,Rare / trend (1/4)
HAND WARMER OWL DESIGN | HAND WARMER RED RETROSPOT | HAND WARMER SCOTTY DOG DESIGN,1,[4],0.015897634742148118,3,Rare / trend (1/4)
JINGLE BELL HEART DECORATION,1,[4],0.015897634742148118,1,Rare / trend (1/4)
LUNCH BAG PINK POLKADOT | LUNCH BAG SUKI DESIGN,1,[3],0.015885899814471242,2,Rare / trend (1/4)
ROCKING HORSE GREEN CHRISTMAS,1,[4],0.015820085304381542,1,Rare / trend (1/4)
CHILDS GARDEN FORK BLUE | CHILDS GARDEN FORK PINK | CHILDS GARDEN TROWEL BLUE,1,[2],0.01578436134045653,3,Rare / trend (1/4)
CHILDS GARDEN FORK BLUE | CHILDS GARDEN TROWEL PINK,1,[2],0.01578436134045653,2,Rare / trend (1/4)
CLASSIC METAL BIRDCAGE PLANT HOLDER,1,[2],0.01578436134045653,1,Rare / trend (1/4)
GAOLERS KEYS DECORATIVE GARDEN,1,[2],0.01578436134045653,1,Rare / trend (1/4)
WATERING CAN BLUE ELEPHANT | WATERING CAN PINK BUNNY,1,[2],0.01578436134045653,2,Rare / trend (1/4)
"CHARLOTTE BAG , SUKI DESIGN",1,[1],0.01576182136602452,1,Rare / trend (1/4)
TEA BAG PLATE RED SPOTTY,1,[1],0.01576182136602452,1,Rare / trend (1/4)
ALARM CLOCK BAKELIKE GREEN | ALARM CLOCK BAKELIKE IVORY,1,[4],0.015742535866614966,2,Rare / trend (1/4)
CHRISTMAS GINGHAM TREE,1,[4],0.015742535866614966,1,Rare / trend (1/4)
SET 12 COLOUR PENCILS SPACEBOY,1,[4],0.015742535866614966,1,Rare / trend (1/4)
10 COLOUR SPACEBOY PEN,1,[4],0.01566498642884839,1,Rare / trend (1/4)
JUMBO BAG PINK WITH WHITE SPOTS | JUMBO BAG RED RETROSPOT,1,[3],0.01565398886827458,2,Rare / trend (1/4)
JUMBO BAG RED RETROSPOT | LUNCH BAG SPACEBOY DESIGN,1,[3],0.01565398886827458,2,Rare / trend (1/4)
RED BABY BUNTING,1,[3],0.01565398886827458,1,Rare / trend (1/4)
STRAWBERRY FAIRY CAKE TEAPOT,1,[3],0.01565398886827458,1,Rare / trend (1/4)
6 EGG HOUSE PAINTED WOOD,1,[1],0.015615878575598366,1,Rare / trend (1/4)
BATHROOM METAL SIGN | KITCHEN METAL SIGN,1,[1],0.015615878575598366,2,Rare / trend (1/4)
"HOOK, 1 HANGER ,MAGIC GARDEN",1,[1],0.015615878575598366,1,Rare / trend (1/4)
CHRISTMAS CRAFT LITTLE FRIENDS | CHRISTMAS CRAFT TREE TOP ANGEL,1,[4],0.015587436991081815,2,Rare / trend (1/4)
KNITTED UNION FLAG HOT WATER BOTTLE | RED WOOLLY HOTTIE WHITE HEART.,1,[4],0.015587436991081815,2,Rare / trend (1/4)
VICTORIAN SEWING BOX LARGE,1,[4],0.015587436991081815,1,Rare / trend (1/4)
CHILDS GARDEN FORK PINK | CHILDS GARDEN TROWEL BLUE | CHILDS GARDEN TROWEL PINK,1,[2],0.015541525012141816,3,Rare / trend (1/4)
LUNCH BAG CARS BLUE | LUNCH BAG PINK RETROSPOT,1,[3],0.015538033395176253,2,Rare / trend (1/4)
WOOD 2 DRAWER CABINET WHITE FINISH | WOODEN FRAME ANTIQUE WHITE,1,[3],0.015538033395176253,2,Rare / trend (1/4)
CALENDAR PAPER CUT DESIGN,1,[4],0.015509887553315239,1,Rare / trend (1/4)
RED RETROSPOT WRAP,1,[4],0.015509887553315239,1,Rare / trend (1/4)
CREAM FELT EASTER EGG BASKET | PINK FELT EASTER EGG BASKET,1,[1],0.015469935785172213,2,Rare / trend (1/4)
RECIPE BOX PANTRY YELLOW DESIGN | SET OF 3 CAKE TINS PANTRY DESIGN,1,[1],0.015469935785172213,2,Rare / trend (1/4)
SET/6 PINK  BUTTERFLY T-LIGHTS,1,[1],0.015469935785172213,1,Rare / trend (1/4)
BREAD BIN DINER STYLE IVORY,1,[4],0.015432338115548663,1,Rare / trend (1/4)
CHRISTMAS LIGHTS 10 SANTAS,1,[4],0.015432338115548663,1,Rare / trend (1/4)
SET OF 3 WOODEN STOCKING DECORATION,1,[4],0.015432338115548663,1,Rare / trend (1/4)
BLUE STRIPE CERAMIC DRAWER KNOB | RED STRIPE CERAMIC DRAWER KNOB,1,[3],0.015422077922077922,2,Rare / trend (1/4)
CHILDS BREAKFAST SET CIRCUS PARADE,1,[3],0.015422077922077922,1,Rare / trend (1/4)
JUMBO BAG RED RETROSPOT | JUMBO BAG VINTAGE DOILY,1,[3],0.015422077922077922,2,Rare / trend (1/4)
LUNCH BAG APPLE DESIGN | LUNCH BAG WOODLAND,1,[3],0.015422077922077922,2,Rare / trend (1/4)
ASSORTED COLOUR BIRD ORNAMENT | REGENCY CAKESTAND 3 TIER,1,[2],0.015420106847984458,2,Rare / trend (1/4)
PACK OF 60 DINOSAUR CAKE CASES | PACK OF 60 PINK PAISLEY CAKE CASES,1,[2],0.015420106847984458,2,Rare / trend (1/4)
RED SPOTTY CUP,1,[2],0.015420106847984458,1,Rare / trend (1/4)
12 PENCILS TALL TUBE RED RETROSPOT,1,[4],0.015354788677782087,1,Rare / trend (1/4)
HAND WARMER BIRD DESIGN | HAND WARMER OWL DESIGN | HAND WARMER UNION JACK,1,[4],0.015354788677782087,3,Rare / trend (1/4)
HAND WARMER OWL DESIGN | PAPER CHAIN KIT 50'S CHRISTMAS,1,[4],0.015354788677782087,2,Rare / trend (1/4)
DOOR MAT WELCOME PUPPIES,1,[1],0.01532399299474606,1,Rare / trend (1/4)
GIN AND TONIC MUG,1,[1],0.01532399299474606,1,Rare / trend (1/4)
IVORY HANGING DECORATION  BIRD,1,[1],0.01532399299474606,1,Rare / trend (1/4)
LIGHT PINK CHERRY LIGHTS,1,[1],0.01532399299474606,1,Rare / trend (1/4)
WOOD S/3 CABINET ANT WHITE FINISH | WOODEN FRAME ANTIQUE WHITE,1,[1],0.01532399299474606,2,Rare / trend (1/4)
BLUE HARMONICA IN BOX | RED  HARMONICA IN BOX,1,[3],0.015306122448979591,2,Rare / trend (1/4)
DOORMAT FAIRY CAKE,1,[3],0.015306122448979591,1,Rare / trend (1/4)
JUMBO BAG ALPHABET | JUMBO BAG RED RETROSPOT,1,[3],0.015306122448979591,2,Rare / trend (1/4)
LUNCH BAG PINK POLKADOT | LUNCH BAG SPACEBOY DESIGN,1,[3],0.015306122448979591,2,Rare / trend (1/4)
SET 40 HEART SHAPE PETIT FOUR CASES,1,[3],0.015306122448979591,1,Rare / trend (1/4)
DINOSAUR LUNCH BOX WITH CUTLERY,1,[2],0.0152986886838271,1,Rare / trend (1/4)
JUMBO BAG APPLES | LUNCH BAG APPLE DESIGN,1,[2],0.0152986886838271,2,Rare / trend (1/4)
CHOCOLATE HOT WATER BOTTLE | HOT WATER BOTTLE I AM SO POORLY | HOT WATER BOTTLE TEA AND SYMPATHY,1,[4],0.01527723924001551,3,Rare / trend (1/4)
DINOSAURS  WRITING SET,1,[4],0.01527723924001551,1,Rare / trend (1/4)
MAGIC DRAWING SLATE SPACEBOY,1,[4],0.01527723924001551,1,Rare / trend (1/4)
ZINC WILLIE WINKIE  CANDLE STICK,1,[4],0.01527723924001551,1,Rare / trend (1/4)
6 GIFT TAGS 50'S CHRISTMAS,1,[4],0.015199689802248935,1,Rare / trend (1/4)
BAG 250G SWIRLY MARBLES,1,[4],0.015199689802248935,1,Rare / trend (1/4)
HAND WARMER OWL DESIGN | HAND WARMER SCOTTY DOG DESIGN | HAND WARMER UNION JACK,1,[4],0.015199689802248935,3,Rare / trend (1/4)
20 DOLLY PEGS RETROSPOT,1,[3],0.015190166975881261,1,Rare / trend (1/4)
CHARLOTTE BAG SUKI DESIGN | WOODLAND CHARLOTTE BAG,1,[3],0.015190166975881261,2,Rare / trend (1/4)
JUMBO STORAGE BAG SKULLS | JUMBO STORAGE BAG SUKI,1,[3],0.015190166975881261,2,Rare / trend (1/4)
LUNCH BAG  BLACK SKULL. | LUNCH BAG CARS BLUE | LUNCH BAG WOODLAND,1,[3],0.015190166975881261,3,Rare / trend (1/4)
SET OF 12 FAIRY CAKE BAKING CASES | SET OF 6 TEA TIME BAKING CASES,1,[3],0.015190166975881261,2,Rare / trend (1/4)
60 TEATIME FAIRY CAKE CASES | WHITE HANGING HEART T-LIGHT HOLDER,1,[1],0.015178050204319907,2,Rare / trend (1/4)
ENCHANTED BIRD COATHANGER 5 HOOK,1,[1],0.015178050204319907,1,Rare / trend (1/4)
LUNCHBOX WITH CUTLERY FAIRY CAKES,1,[1],0.015178050204319907,1,Rare / trend (1/4)
SET 3 SONG BIRD PAPER EGGS ASSORTED,1,[1],0.015178050204319907,1,Rare / trend (1/4)
CHILDS GARDEN FORK BLUE | CHILDS GARDEN FORK PINK | CHILDS GARDEN TROWEL PINK,1,[2],0.015177270519669743,3,Rare / trend (1/4)
LUNCH BAG APPLE DESIGN | LUNCH BAG VINTAGE LEAF DESIGN,1,[2],0.015177270519669743,2,Rare / trend (1/4)
RED RETROSPOT SHOPPER BAG,1,[4],0.015122140364482357,1,Rare / trend (1/4)
SET/10 RED POLKADOT PARTY CANDLES,1,[4],0.015122140364482357,1,Rare / trend (1/4)
HEART DECORATION WITH PEARLS,1,[3],0.015074211502782932,1,Rare / trend (1/4)
JUMBO BAG PINK VINTAGE PAISLEY | JUMBO STORAGE BAG SUKI,1,[3],0.015074211502782932,2,Rare / trend (1/4)
LARGE WHITE HEART OF WICKER | SMALL WHITE HEART OF WICKER,1,[3],0.015074211502782932,2,Rare / trend (1/4)
LUNCH BAG APPLE DESIGN | LUNCH BAG CARS BLUE,1,[3],0.015074211502782932,2,Rare / trend (1/4)
LUNCH BAG RED SPOTTY | LUNCH BAG WOODLAND,1,[3],0.015074211502782932,2,Rare / trend (1/4)
SET OF 4 KNICK KNACK TINS DOILY,1,[3],0.015074211502782932,1,Rare / trend (1/4)
CHILDS GARDEN FORK BLUE | CHILDS GARDEN TROWEL BLUE | CHILDS GARDEN TROWEL PINK,1,[2],0.015055852355512385,3,Rare / trend (1/4)
GLITTER CHRISTMAS STAR,1,[4],0.01504459092671578,1,Rare / trend (1/4)
ROUND CAKE TIN VINTAGE RED,1,[4],0.01504459092671578,1,Rare / trend (1/4)
RED/WHITE DOTS RUFFLED UMBRELLA,1,[1],0.015032107413893754,1,Rare / trend (1/4)
